qualifying_position,actual_finish,predicted_finish,error
11,20,11.081230332032145,8.918769667967855
15,16,13.376540961212008,2.623459038787992
24,20,18.540989876866693,1.4590101231333072
4,5,7.064436730967389,-2.0644367309673894
19,18,15.671851590391867,2.328148409608133
16,14,13.950368618506971,0.049631381493028925
20,13,16.245679247686834,-3.2456792476868337
21,17,16.819506904981797,0.18049309501820332
8,7,9.35974736014725,-2.3597473601472494
15,20,13.376540961212008,6.623459038787992
20,8,16.245679247686834,-8.245679247686834
14,20,12.802713303917042,7.1972866960829585
11,9,11.081230332032145,-2.0812303320321455
16,16,13.950368618506971,2.049631381493029
6,8,8.21209204555732,-0.21209204555731986
1,1,5.342953759082494,-4.342953759082494
20,15,16.245679247686834,-1.2456792476868337
11,6,11.081230332032145,-5.0812303320321455
24,10,18.540989876866693,-8.540989876866693
5,2,7.638264388262355,-5.638264388262355
14,13,12.802713303917042,0.19728669608295846
14,17,12.802713303917042,4.1972866960829585
14,17,12.802713303917042,4.1972866960829585
18,18,15.0980239330969,2.9019760669030994
13,16,12.228885646622075,3.771114353377925
19,18,15.671851590391867,2.328148409608133
4,6,7.064436730967389,-1.0644367309673894
4,3,7.064436730967389,-4.064436730967389
21,22,16.819506904981797,5.180493095018203
1,4,5.342953759082494,-1.3429537590824943
3,2,6.490609073672424,-4.490609073672424
4,4,7.064436730967389,-3.0644367309673894
2,9,5.916781416377459,3.083218583622541
19,17,15.671851590391867,1.3281484096081329
16,16,13.950368618506971,2.049631381493029
22,19,17.393334562276763,1.6066654377232368
16,9,13.950368618506971,-4.950368618506971
16,13,13.950368618506971,-0.9503686185069711
7,6,8.785919702852286,-2.7859197028522864
18,15,15.0980239330969,-0.0980239330969006
4,2,7.064436730967389,-5.064436730967389
6,20,8.21209204555732,11.78790795444268
14,13,12.802713303917042,0.19728669608295846
6,3,8.21209204555732,-5.21209204555732
10,20,10.50740267473718,9.49259732526282
2,3,5.916781416377459,-2.916781416377459
16,8,13.950368618506971,-5.950368618506971
12,9,11.655057989327112,-2.655057989327112
6,5,8.21209204555732,-3.21209204555732
16,20,13.950368618506971,6.049631381493029
13,16,12.228885646622075,3.771114353377925
20,16,16.245679247686834,-0.2456792476868337
18,16,15.0980239330969,0.9019760669030994
8,2,9.35974736014725,-7.359747360147249
10,3,10.50740267473718,-7.507402674737181
5,20,7.638264388262355,12.361735611737645
14,18,12.802713303917042,5.1972866960829585
11,21,11.081230332032145,9.918769667967855
17,10,14.524196275801938,-4.524196275801938
7,13,8.785919702852286,4.214080297147714
1,20,5.342953759082494,14.657046240917506
17,23,14.524196275801938,8.475803724198062
20,18,16.245679247686834,1.7543207523131663
2,3,5.916781416377459,-2.916781416377459
19,11,15.671851590391867,-4.671851590391867
1,3,5.342953759082494,-2.3429537590824943
4,18,7.064436730967389,10.93556326903261
14,19,12.802713303917042,6.1972866960829585
18,9,15.0980239330969,-6.098023933096901
8,18,9.35974736014725,8.64025263985275
15,12,13.376540961212008,-1.376540961212008
11,19,11.081230332032145,7.9187696679678545
12,8,11.655057989327112,-3.655057989327112
19,15,15.671851590391867,-0.6718515903918671
10,20,10.50740267473718,9.49259732526282
14,9,12.802713303917042,-3.8027133039170415
8,5,9.35974736014725,-4.359747360147249
20,17,16.245679247686834,0.7543207523131663
18,13,15.0980239330969,-2.0980239330969006
15,10,13.376540961212008,-3.376540961212008
15,11,13.376540961212008,-2.376540961212008
3,7,6.490609073672424,0.5093909263275762
13,5,12.228885646622075,-7.228885646622075
1,1,5.342953759082494,-4.342953759082494
8,5,9.35974736014725,-4.359747360147249
16,11,13.950368618506971,-2.950368618506971
19,17,15.671851590391867,1.3281484096081329
4,2,7.064436730967389,-5.064436730967389
12,5,11.655057989327112,-6.655057989327112
15,19,13.376540961212008,5.623459038787992
8,6,9.35974736014725,-3.3597473601472494
20,15,16.245679247686834,-1.2456792476868337
15,15,13.376540961212008,1.623459038787992
7,12,8.785919702852286,3.2140802971477136
11,20,11.081230332032145,8.918769667967855
16,20,13.950368618506971,6.049631381493029
6,5,8.21209204555732,-3.21209204555732
19,19,15.671851590391867,3.328148409608133
13,18,12.228885646622075,5.771114353377925
11,8,11.081230332032145,-3.0812303320321455
13,20,12.228885646622075,7.771114353377925
14,13,12.802713303917042,0.19728669608295846
17,18,14.524196275801938,3.4758037241980624
8,6,9.35974736014725,-3.3597473601472494
7,7,8.785919702852286,-1.7859197028522864
17,15,14.524196275801938,0.4758037241980624
8,6,9.35974736014725,-3.3597473601472494
4,3,7.064436730967389,-4.064436730967389
18,17,15.0980239330969,1.9019760669030994
19,17,15.671851590391867,1.3281484096081329
23,18,17.96716221957173,0.032837780428270236
9,6,9.933575017442216,-3.933575017442216
13,10,12.228885646622075,-2.228885646622075
22,18,17.393334562276763,0.6066654377232368
7,9,8.785919702852286,0.2140802971477136
18,18,15.0980239330969,2.9019760669030994
16,18,13.950368618506971,4.049631381493029
13,9,12.228885646622075,-3.228885646622075
20,13,16.245679247686834,-3.2456792476868337
20,20,16.245679247686834,3.7543207523131663
2,1,5.916781416377459,-4.916781416377459
22,18,17.393334562276763,0.6066654377232368
7,18,8.785919702852286,9.214080297147714
8,10,9.35974736014725,0.6402526398527506
19,13,15.671851590391867,-2.671851590391867
22,16,17.393334562276763,-1.3933345622767632
20,17,16.245679247686834,0.7543207523131663
9,7,9.933575017442216,-2.933575017442216
5,5,7.638264388262355,-2.638264388262355
18,21,15.0980239330969,5.901976066903099
6,6,8.21209204555732,-2.21209204555732
17,20,14.524196275801938,5.475803724198062
15,16,13.376540961212008,2.623459038787992
5,5,7.638264388262355,-2.638264388262355
8,4,9.35974736014725,-5.359747360147249
16,12,13.950368618506971,-1.950368618506971
6,4,8.21209204555732,-4.21209204555732
15,12,13.376540961212008,-1.376540961212008
2,4,5.916781416377459,-1.916781416377459
18,20,15.0980239330969,4.901976066903099
14,10,12.802713303917042,-2.8027133039170415
14,11,12.802713303917042,-1.8027133039170415
19,18,15.671851590391867,2.328148409608133
15,16,13.376540961212008,2.623459038787992
9,11,9.933575017442216,1.066424982557784
22,18,17.393334562276763,0.6066654377232368
17,16,14.524196275801938,1.4758037241980624
6,3,8.21209204555732,-5.21209204555732
8,15,9.35974736014725,5.640252639852751
18,8,15.0980239330969,-7.098023933096901
2,23,5.916781416377459,17.08321858362254
5,3,7.638264388262355,-4.638264388262355
10,8,10.50740267473718,-2.5074026747371807
3,20,6.490609073672424,13.509390926327576
13,11,12.228885646622075,-1.228885646622075
11,5,11.081230332032145,-6.0812303320321455
11,14,11.081230332032145,2.9187696679678545
2,2,5.916781416377459,-3.916781416377459
10,9,10.50740267473718,-1.5074026747371807
2,1,5.916781416377459,-4.916781416377459
10,5,10.50740267473718,-5.507402674737181
1,1,5.342953759082494,-4.342953759082494
23,9,17.96716221957173,-8.96716221957173
12,19,11.655057989327112,7.344942010672888
9,7,9.933575017442216,-2.933575017442216
20,18,16.245679247686834,1.7543207523131663
13,11,12.228885646622075,-1.228885646622075
1,2,5.342953759082494,-3.3429537590824943
17,18,14.524196275801938,3.4758037241980624
1,1,5.342953759082494,-4.342953759082494
19,19,15.671851590391867,3.328148409608133
4,2,7.064436730967389,-5.064436730967389
18,21,15.0980239330969,5.901976066903099
5,4,7.638264388262355,-3.638264388262355
16,19,13.950368618506971,5.049631381493029
1,1,5.342953759082494,-4.342953759082494
3,5,6.490609073672424,-1.4906090736724238
19,19,15.671851590391867,3.328148409608133
13,10,12.228885646622075,-2.228885646622075
20,20,16.245679247686834,3.7543207523131663
2,3,5.916781416377459,-2.916781416377459
12,18,11.655057989327112,6.344942010672888
16,16,13.950368618506971,2.049631381493029
5,7,7.638264388262355,-0.6382643882623551
17,13,14.524196275801938,-1.5241962758019376
14,9,12.802713303917042,-3.8027133039170415
16,17,13.950368618506971,3.049631381493029
6,3,8.21209204555732,-5.21209204555732
16,10,13.950368618506971,-3.950368618506971
19,19,15.671851590391867,3.328148409608133
12,12,11.655057989327112,0.344942010672888
8,8,9.35974736014725,-1.3597473601472494
20,14,16.245679247686834,-2.2456792476868337
13,8,12.228885646622075,-4.228885646622075
21,18,16.819506904981797,1.1804930950182033
16,15,13.950368618506971,1.049631381493029
16,16,13.950368618506971,2.049631381493029
7,4,8.785919702852286,-4.785919702852286
15,9,13.376540961212008,-4.376540961212008
12,12,11.655057989327112,0.344942010672888
10,10,10.50740267473718,-0.5074026747371807
20,21,16.245679247686834,4.754320752313166
15,19,13.376540961212008,5.623459038787992
5,9,7.638264388262355,1.361735611737645
1,6,5.342953759082494,0.6570462409175057
12,8,11.655057989327112,-3.655057989327112
13,19,12.228885646622075,6.771114353377925
10,9,10.50740267473718,-1.5074026747371807
4,3,7.064436730967389,-4.064436730967389
4,20,7.064436730967389,12.93556326903261
4,1,7.064436730967389,-6.064436730967389
15,14,13.376540961212008,0.6234590387879919
20,17,16.245679247686834,0.7543207523131663
3,19,6.490609073672424,12.509390926327576
9,7,9.933575017442216,-2.933575017442216
21,14,16.819506904981797,-2.8195069049817967
16,17,13.950368618506971,3.049631381493029
16,12,13.950368618506971,-1.950368618506971
11,8,11.081230332032145,-3.0812303320321455
14,17,12.802713303917042,4.1972866960829585
3,4,6.490609073672424,-2.490609073672424
7,1,8.785919702852286,-7.785919702852286
4,20,7.064436730967389,12.93556326903261
16,23,13.950368618506971,9.049631381493029
17,13,14.524196275801938,-1.5241962758019376
20,21,16.245679247686834,4.754320752313166
14,9,12.802713303917042,-3.8027133039170415
6,9,8.21209204555732,0.7879079544426801
6,4,8.21209204555732,-4.21209204555732
14,12,12.802713303917042,-0.8027133039170415
20,16,16.245679247686834,-0.2456792476868337
9,13,9.933575017442216,3.066424982557784
13,8,12.228885646622075,-4.228885646622075
19,15,15.671851590391867,-0.6718515903918671
16,8,13.950368618506971,-5.950368618506971
16,11,13.950368618506971,-2.950368618506971
1,1,5.342953759082494,-4.342953759082494
18,18,15.0980239330969,2.9019760669030994
4,20,7.064436730967389,12.93556326903261
4,13,7.064436730967389,5.935563269032611
15,14,13.376540961212008,0.6234590387879919
7,20,8.785919702852286,11.214080297147714
6,3,8.21209204555732,-5.21209204555732
22,22,17.393334562276763,4.606665437723237
21,19,16.819506904981797,2.1804930950182033
17,18,14.524196275801938,3.4758037241980624
8,11,9.35974736014725,1.6402526398527506
12,11,11.655057989327112,-0.655057989327112
15,22,13.376540961212008,8.623459038787992
23,20,17.96716221957173,2.0328377804282702
6,4,8.21209204555732,-4.21209204555732
13,9,12.228885646622075,-3.228885646622075
4,5,7.064436730967389,-2.0644367309673894
5,17,7.638264388262355,9.361735611737645
15,18,13.376540961212008,4.623459038787992
1,4,5.342953759082494,-1.3429537590824943
15,12,13.376540961212008,-1.376540961212008
9,5,9.933575017442216,-4.933575017442216
16,14,13.950368618506971,0.049631381493028925
1,13,5.342953759082494,7.657046240917506
6,2,8.21209204555732,-6.21209204555732
6,2,8.21209204555732,-6.21209204555732
11,20,11.081230332032145,8.918769667967855
8,4,9.35974736014725,-5.359747360147249
12,11,11.655057989327112,-0.655057989327112
15,13,13.376540961212008,-0.3765409612120081
18,18,15.0980239330969,2.9019760669030994
20,9,16.245679247686834,-7.245679247686834
22,16,17.393334562276763,-1.3933345622767632
11,5,11.081230332032145,-6.0812303320321455
5,19,7.638264388262355,11.361735611737645
24,21,18.540989876866693,2.4590101231333072
17,14,14.524196275801938,-0.5241962758019376
17,16,14.524196275801938,1.4758037241980624
19,12,15.671851590391867,-3.671851590391867
10,15,10.50740267473718,4.492597325262819
7,19,8.785919702852286,10.214080297147714
16,14,13.950368618506971,0.049631381493028925
5,4,7.638264388262355,-3.638264388262355
14,15,12.802713303917042,2.1972866960829585
3,3,6.490609073672424,-3.490609073672424
11,9,11.081230332032145,-2.0812303320321455
22,12,17.393334562276763,-5.393334562276763
15,19,13.376540961212008,5.623459038787992
19,13,15.671851590391867,-2.671851590391867
9,14,9.933575017442216,4.066424982557784
7,6,8.785919702852286,-2.7859197028522864
14,16,12.802713303917042,3.1972866960829585
17,12,14.524196275801938,-2.5241962758019376
4,4,7.064436730967389,-3.0644367309673894
3,3,6.490609073672424,-3.490609073672424
7,6,8.785919702852286,-2.7859197028522864
4,20,7.064436730967389,12.93556326903261
4,6,7.064436730967389,-1.0644367309673894
4,4,7.064436730967389,-3.0644367309673894
13,11,12.228885646622075,-1.228885646622075
18,15,15.0980239330969,-0.0980239330969006
9,12,9.933575017442216,2.066424982557784
4,16,7.064436730967389,8.93556326903261
13,10,12.228885646622075,-2.228885646622075
18,17,15.0980239330969,1.9019760669030994
20,18,16.245679247686834,1.7543207523131663
18,15,15.0980239330969,-0.0980239330969006
16,3,13.950368618506971,-10.950368618506971
15,15,13.376540961212008,1.623459038787992
11,8,11.081230332032145,-3.0812303320321455
4,4,7.064436730967389,-3.0644367309673894
22,18,17.393334562276763,0.6066654377232368
2,1,5.916781416377459,-4.916781416377459
6,10,8.21209204555732,1.7879079544426801
24,24,18.540989876866693,5.459010123133307
5,7,7.638264388262355,-0.6382643882623551
22,8,17.393334562276763,-9.393334562276763
11,13,11.081230332032145,1.9187696679678545
12,6,11.655057989327112,-5.655057989327112
14,13,12.802713303917042,0.19728669608295846
10,17,10.50740267473718,6.492597325262819
7,19,8.785919702852286,10.214080297147714
1,1,5.342953759082494,-4.342953759082494
22,21,17.393334562276763,3.6066654377232368
8,9,9.35974736014725,-0.3597473601472494
16,14,13.950368618506971,0.049631381493028925
15,18,13.376540961212008,4.623459038787992
7,18,8.785919702852286,9.214080297147714
9,6,9.933575017442216,-3.933575017442216
5,21,7.638264388262355,13.361735611737645
9,3,9.933575017442216,-6.933575017442216
3,3,6.490609073672424,-3.490609073672424
7,6,8.785919702852286,-2.7859197028522864
6,7,8.21209204555732,-1.2120920455573199
15,8,13.376540961212008,-5.376540961212008
6,6,8.21209204555732,-2.21209204555732
20,16,16.245679247686834,-0.2456792476868337
19,15,15.671851590391867,-0.6718515903918671
10,5,10.50740267473718,-5.507402674737181
10,7,10.50740267473718,-3.5074026747371807
11,7,11.081230332032145,-4.0812303320321455
16,16,13.950368618506971,2.049631381493029
4,2,7.064436730967389,-5.064436730967389
21,24,16.819506904981797,7.180493095018203
3,4,6.490609073672424,-2.490609073672424
22,22,17.393334562276763,4.606665437723237
4,4,7.064436730967389,-3.0644367309673894
20,17,16.245679247686834,0.7543207523131663
2,7,5.916781416377459,1.083218583622541
21,17,16.819506904981797,0.18049309501820332
7,20,8.785919702852286,11.214080297147714
6,6,8.21209204555732,-2.21209204555732
21,15,16.819506904981797,-1.8195069049817967
13,11,12.228885646622075,-1.228885646622075
8,10,9.35974736014725,0.6402526398527506
8,19,9.35974736014725,9.64025263985275
9,20,9.933575017442216,10.066424982557784
23,21,17.96716221957173,3.0328377804282702
3,1,6.490609073672424,-5.490609073672424
2,1,5.916781416377459,-4.916781416377459
5,7,7.638264388262355,-0.6382643882623551
15,20,13.376540961212008,6.623459038787992
7,7,8.785919702852286,-1.7859197028522864
8,17,9.35974736014725,7.640252639852751
18,13,15.0980239330969,-2.0980239330969006
6,4,8.21209204555732,-4.21209204555732
7,6,8.785919702852286,-2.7859197028522864
11,4,11.081230332032145,-7.0812303320321455
17,11,14.524196275801938,-3.5241962758019376
14,23,12.802713303917042,10.197286696082958
1,1,5.342953759082494,-4.342953759082494
19,11,15.671851590391867,-4.671851590391867
4,7,7.064436730967389,-0.06443673096738944
12,19,11.655057989327112,7.344942010672888
22,22,17.393334562276763,4.606665437723237
15,10,13.376540961212008,-3.376540961212008
2,4,5.916781416377459,-1.916781416377459
9,11,9.933575017442216,1.066424982557784
2,3,5.916781416377459,-2.916781416377459
17,12,14.524196275801938,-2.5241962758019376
6,5,8.21209204555732,-3.21209204555732
15,14,13.376540961212008,0.6234590387879919
5,5,7.638264388262355,-2.638264388262355
14,14,12.802713303917042,1.1972866960829585
9,21,9.933575017442216,11.066424982557784
19,15,15.671851590391867,-0.6718515903918671
4,1,7.064436730967389,-6.064436730967389
15,10,13.376540961212008,-3.376540961212008
17,16,14.524196275801938,1.4758037241980624
4,4,7.064436730967389,-3.0644367309673894
7,9,8.785919702852286,0.2140802971477136
18,14,15.0980239330969,-1.0980239330969006
7,15,8.785919702852286,6.214080297147714
18,17,15.0980239330969,1.9019760669030994
5,11,7.638264388262355,3.361735611737645
13,9,12.228885646622075,-3.228885646622075
8,19,9.35974736014725,9.64025263985275
24,20,18.540989876866693,1.4590101231333072
4,10,7.064436730967389,2.9355632690326106
17,15,14.524196275801938,0.4758037241980624
6,20,8.21209204555732,11.78790795444268
1,20,5.342953759082494,14.657046240917506
23,21,17.96716221957173,3.0328377804282702
1,1,5.342953759082494,-4.342953759082494
4,3,7.064436730967389,-4.064436730967389
4,3,7.064436730967389,-4.064436730967389
7,20,8.785919702852286,11.214080297147714
20,15,16.245679247686834,-1.2456792476868337
15,14,13.376540961212008,0.6234590387879919
2,3,5.916781416377459,-2.916781416377459
13,9,12.228885646622075,-3.228885646622075
7,2,8.785919702852286,-6.785919702852286
14,12,12.802713303917042,-0.8027133039170415
14,9,12.802713303917042,-3.8027133039170415
2,3,5.916781416377459,-2.916781416377459
1,3,5.342953759082494,-2.3429537590824943
15,13,13.376540961212008,-0.3765409612120081
6,4,8.21209204555732,-4.21209204555732
13,11,12.228885646622075,-1.228885646622075
12,7,11.655057989327112,-4.655057989327112
10,8,10.50740267473718,-2.5074026747371807
19,16,15.671851590391867,0.32814840960813285
13,14,12.228885646622075,1.771114353377925
17,19,14.524196275801938,4.475803724198062
17,19,14.524196275801938,4.475803724198062
15,13,13.376540961212008,-0.3765409612120081
17,16,14.524196275801938,1.4758037241980624
18,13,15.0980239330969,-2.0980239330969006
3,2,6.490609073672424,-4.490609073672424
26,23,19.688645191456622,3.3113548085433777
11,7,11.081230332032145,-4.0812303320321455
14,15,12.802713303917042,2.1972866960829585
1,1,5.342953759082494,-4.342953759082494
12,18,11.655057989327112,6.344942010672888
3,4,6.490609073672424,-2.490609073672424
8,22,9.35974736014725,12.64025263985275
15,19,13.376540961212008,5.623459038787992
19,7,15.671851590391867,-8.671851590391867
11,10,11.081230332032145,-1.0812303320321455
13,2,12.228885646622075,-10.228885646622075
16,18,13.950368618506971,4.049631381493029
16,19,13.950368618506971,5.049631381493029
8,8,9.35974736014725,-1.3597473601472494
15,14,13.376540961212008,0.6234590387879919
20,13,16.245679247686834,-3.2456792476868337
1,1,5.342953759082494,-4.342953759082494
11,14,11.081230332032145,2.9187696679678545
11,14,11.081230332032145,2.9187696679678545
1,1,5.342953759082494,-4.342953759082494
21,10,16.819506904981797,-6.819506904981797
8,9,9.35974736014725,-0.3597473601472494
4,16,7.064436730967389,8.93556326903261
2,2,5.916781416377459,-3.916781416377459
24,15,18.540989876866693,-3.5409898768666928
10,13,10.50740267473718,2.4925973252628193
11,11,11.081230332032145,-0.08123033203214547
13,5,12.228885646622075,-7.228885646622075
7,6,8.785919702852286,-2.7859197028522864
20,16,16.245679247686834,-0.2456792476868337
17,10,14.524196275801938,-4.524196275801938
10,12,10.50740267473718,1.4925973252628193
4,18,7.064436730967389,10.93556326903261
11,3,11.081230332032145,-8.081230332032145
4,7,7.064436730967389,-0.06443673096738944
8,9,9.35974736014725,-0.3597473601472494
3,2,6.490609073672424,-4.490609073672424
17,13,14.524196275801938,-1.5241962758019376
12,13,11.655057989327112,1.344942010672888
9,8,9.933575017442216,-1.933575017442216
10,13,10.50740267473718,2.4925973252628193
15,10,13.376540961212008,-3.376540961212008
3,6,6.490609073672424,-0.4906090736724238
18,16,15.0980239330969,0.9019760669030994
15,19,13.376540961212008,5.623459038787992
13,6,12.228885646622075,-6.228885646622075
11,8,11.081230332032145,-3.0812303320321455
17,10,14.524196275801938,-4.524196275801938
13,6,12.228885646622075,-6.228885646622075
12,20,11.655057989327112,8.344942010672888
13,10,12.228885646622075,-2.228885646622075
23,21,17.96716221957173,3.0328377804282702
2,2,5.916781416377459,-3.916781416377459
13,24,12.228885646622075,11.771114353377925
18,17,15.0980239330969,1.9019760669030994
17,6,14.524196275801938,-8.524196275801938
20,18,16.245679247686834,1.7543207523131663
6,5,8.21209204555732,-3.21209204555732
12,3,11.655057989327112,-8.655057989327112
4,4,7.064436730967389,-3.0644367309673894
10,21,10.50740267473718,10.49259732526282
16,16,13.950368618506971,2.049631381493029
16,12,13.950368618506971,-1.950368618506971
9,5,9.933575017442216,-4.933575017442216
20,18,16.245679247686834,1.7543207523131663
1,2,5.342953759082494,-3.3429537590824943
5,4,7.638264388262355,-3.638264388262355
5,2,7.638264388262355,-5.638264388262355
20,16,16.245679247686834,-0.2456792476868337
11,11,11.081230332032145,-0.08123033203214547
1,1,5.342953759082494,-4.342953759082494
19,20,15.671851590391867,4.328148409608133
8,5,9.35974736014725,-4.359747360147249
13,15,12.228885646622075,2.771114353377925
1,1,5.342953759082494,-4.342953759082494
6,2,8.21209204555732,-6.21209204555732
10,6,10.50740267473718,-4.507402674737181
11,18,11.081230332032145,6.9187696679678545
11,19,11.081230332032145,7.9187696679678545
14,14,12.802713303917042,1.1972866960829585
5,3,7.638264388262355,-4.638264388262355
7,7,8.785919702852286,-1.7859197028522864
2,1,5.916781416377459,-4.916781416377459
9,5,9.933575017442216,-4.933575017442216
16,11,13.950368618506971,-2.950368618506971
3,13,6.490609073672424,6.509390926327576
4,17,7.064436730967389,9.93556326903261
5,7,7.638264388262355,-0.6382643882623551
6,5,8.21209204555732,-3.21209204555732
19,17,15.671851590391867,1.3281484096081329
10,18,10.50740267473718,7.492597325262819
23,20,17.96716221957173,2.0328377804282702
19,17,15.671851590391867,1.3281484096081329
19,15,15.671851590391867,-0.6718515903918671
10,25,10.50740267473718,14.49259732526282
2,10,5.916781416377459,4.083218583622541
5,8,7.638264388262355,0.3617356117376449
4,7,7.064436730967389,-0.06443673096738944
12,9,11.655057989327112,-2.655057989327112
3,2,6.490609073672424,-4.490609073672424
10,6,10.50740267473718,-4.507402674737181
20,17,16.245679247686834,0.7543207523131663
19,16,15.671851590391867,0.32814840960813285
1,20,5.342953759082494,14.657046240917506
15,20,13.376540961212008,6.623459038787992
3,15,6.490609073672424,8.509390926327576
2,2,5.916781416377459,-3.916781416377459
9,7,9.933575017442216,-2.933575017442216
8,19,9.35974736014725,9.64025263985275
13,16,12.228885646622075,3.771114353377925
18,19,15.0980239330969,3.9019760669030994
14,5,12.802713303917042,-7.8027133039170415
1,1,5.342953759082494,-4.342953759082494
10,9,10.50740267473718,-1.5074026747371807
17,10,14.524196275801938,-4.524196275801938
16,9,13.950368618506971,-4.950368618506971
22,15,17.393334562276763,-2.3933345622767632
18,10,15.0980239330969,-5.098023933096901
6,5,8.21209204555732,-3.21209204555732
4,2,7.064436730967389,-5.064436730967389
18,14,15.0980239330969,-1.0980239330969006
15,15,13.376540961212008,1.623459038787992
17,11,14.524196275801938,-3.5241962758019376
6,4,8.21209204555732,-4.21209204555732
4,5,7.064436730967389,-2.0644367309673894
21,20,16.819506904981797,3.1804930950182033
20,20,16.245679247686834,3.7543207523131663
4,4,7.064436730967389,-3.0644367309673894
5,6,7.638264388262355,-1.638264388262355
11,21,11.081230332032145,9.918769667967855
17,15,14.524196275801938,0.4758037241980624
22,13,17.393334562276763,-4.393334562276763
4,3,7.064436730967389,-4.064436730967389
4,4,7.064436730967389,-3.0644367309673894
7,16,8.785919702852286,7.214080297147714
5,2,7.638264388262355,-5.638264388262355
6,8,8.21209204555732,-0.21209204555731986
9,19,9.933575017442216,9.066424982557784
4,4,7.064436730967389,-3.0644367309673894
3,2,6.490609073672424,-4.490609073672424
7,18,8.785919702852286,9.214080297147714
9,7,9.933575017442216,-2.933575017442216
8,10,9.35974736014725,0.6402526398527506
8,7,9.35974736014725,-2.3597473601472494
2,1,5.916781416377459,-4.916781416377459
5,2,7.638264388262355,-5.638264388262355
15,17,13.376540961212008,3.623459038787992
12,6,11.655057989327112,-5.655057989327112
5,4,7.638264388262355,-3.638264388262355
11,10,11.081230332032145,-1.0812303320321455
21,17,16.819506904981797,0.18049309501820332
12,8,11.655057989327112,-3.655057989327112
2,2,5.916781416377459,-3.916781416377459
1,1,5.342953759082494,-4.342953759082494
12,8,11.655057989327112,-3.655057989327112
6,13,8.21209204555732,4.78790795444268
21,10,16.819506904981797,-6.819506904981797
15,13,13.376540961212008,-0.3765409612120081
18,18,15.0980239330969,2.9019760669030994
11,20,11.081230332032145,8.918769667967855
11,19,11.081230332032145,7.9187696679678545
18,7,15.0980239330969,-8.0980239330969
17,7,14.524196275801938,-7.524196275801938
10,10,10.50740267473718,-0.5074026747371807
2,1,5.916781416377459,-4.916781416377459
20,16,16.245679247686834,-0.2456792476868337
4,4,7.064436730967389,-3.0644367309673894
5,4,7.638264388262355,-3.638264388262355
17,17,14.524196275801938,2.4758037241980624
10,14,10.50740267473718,3.4925973252628193
20,10,16.245679247686834,-6.245679247686834
7,5,8.785919702852286,-3.7859197028522864
21,17,16.819506904981797,0.18049309501820332
3,1,6.490609073672424,-5.490609073672424
15,13,13.376540961212008,-0.3765409612120081
18,17,15.0980239330969,1.9019760669030994
19,19,15.671851590391867,3.328148409608133
3,15,6.490609073672424,8.509390926327576
15,10,13.376540961212008,-3.376540961212008
13,11,12.228885646622075,-1.228885646622075
15,18,13.376540961212008,4.623459038787992
9,11,9.933575017442216,1.066424982557784
1,3,5.342953759082494,-2.3429537590824943
9,24,9.933575017442216,14.066424982557784
13,9,12.228885646622075,-3.228885646622075
12,15,11.655057989327112,3.344942010672888
9,9,9.933575017442216,-0.9335750174422159
5,20,7.638264388262355,12.361735611737645
10,7,10.50740267473718,-3.5074026747371807
20,22,16.245679247686834,5.754320752313166
9,11,9.933575017442216,1.066424982557784
3,6,6.490609073672424,-0.4906090736724238
7,6,8.785919702852286,-2.7859197028522864
18,18,15.0980239330969,2.9019760669030994
20,16,16.245679247686834,-0.2456792476868337
8,5,9.35974736014725,-4.359747360147249
16,8,13.950368618506971,-5.950368618506971
8,4,9.35974736014725,-5.359747360147249
6,18,8.21209204555732,9.78790795444268
8,14,9.35974736014725,4.640252639852751
14,11,12.802713303917042,-1.8027133039170415
12,14,11.655057989327112,2.344942010672888
7,7,8.785919702852286,-1.7859197028522864
19,15,15.671851590391867,-0.6718515903918671
3,4,6.490609073672424,-2.490609073672424
7,6,8.785919702852286,-2.7859197028522864
8,5,9.35974736014725,-4.359747360147249
8,9,9.35974736014725,-0.3597473601472494
4,3,7.064436730967389,-4.064436730967389
6,14,8.21209204555732,5.78790795444268
21,20,16.819506904981797,3.1804930950182033
16,13,13.950368618506971,-0.9503686185069711
3,17,6.490609073672424,10.509390926327576
13,8,12.228885646622075,-4.228885646622075
14,20,12.802713303917042,7.1972866960829585
19,17,15.671851590391867,1.3281484096081329
6,5,8.21209204555732,-3.21209204555732
6,5,8.21209204555732,-3.21209204555732
12,11,11.655057989327112,-0.655057989327112
20,9,16.245679247686834,-7.245679247686834
18,15,15.0980239330969,-0.0980239330969006
19,12,15.671851590391867,-3.671851590391867
14,12,12.802713303917042,-0.8027133039170415
22,19,17.393334562276763,1.6066654377232368
16,16,13.950368618506971,2.049631381493029
5,22,7.638264388262355,14.361735611737645
5,4,7.638264388262355,-3.638264388262355
9,5,9.933575017442216,-4.933575017442216
3,6,6.490609073672424,-0.4906090736724238
8,3,9.35974736014725,-6.359747360147249
19,11,15.671851590391867,-4.671851590391867
4,4,7.064436730967389,-3.0644367309673894
22,20,17.393334562276763,2.6066654377232368
22,22,17.393334562276763,4.606665437723237
8,5,9.35974736014725,-4.359747360147249
11,8,11.081230332032145,-3.0812303320321455
1,6,5.342953759082494,0.6570462409175057
15,23,13.376540961212008,9.623459038787992
18,8,15.0980239330969,-7.098023933096901
20,15,16.245679247686834,-1.2456792476868337
9,4,9.933575017442216,-5.933575017442216
12,10,11.655057989327112,-1.655057989327112
8,3,9.35974736014725,-6.359747360147249
11,1,11.081230332032145,-10.081230332032145
19,18,15.671851590391867,2.328148409608133
5,19,7.638264388262355,11.361735611737645
3,17,6.490609073672424,10.509390926327576
6,24,8.21209204555732,15.78790795444268
3,2,6.490609073672424,-4.490609073672424
19,17,15.671851590391867,1.3281484096081329
8,10,9.35974736014725,0.6402526398527506
1,1,5.342953759082494,-4.342953759082494
5,15,7.638264388262355,7.361735611737645
18,17,15.0980239330969,1.9019760669030994
9,4,9.933575017442216,-5.933575017442216
1,1,5.342953759082494,-4.342953759082494
8,21,9.35974736014725,11.64025263985275
4,4,7.064436730967389,-3.0644367309673894
19,19,15.671851590391867,3.328148409608133
14,12,12.802713303917042,-0.8027133039170415
16,17,13.950368618506971,3.049631381493029
10,14,10.50740267473718,3.4925973252628193
5,18,7.638264388262355,10.361735611737645
20,18,16.245679247686834,1.7543207523131663
17,15,14.524196275801938,0.4758037241980624
10,4,10.50740267473718,-6.507402674737181
16,10,13.950368618506971,-3.950368618506971
20,18,16.245679247686834,1.7543207523131663
19,20,15.671851590391867,4.328148409608133
5,5,7.638264388262355,-2.638264388262355
17,24,14.524196275801938,9.475803724198062
3,3,6.490609073672424,-3.490609073672424
14,20,12.802713303917042,7.1972866960829585
20,15,16.245679247686834,-1.2456792476868337
14,7,12.802713303917042,-5.8027133039170415
4,7,7.064436730967389,-0.06443673096738944
19,12,15.671851590391867,-3.671851590391867
20,22,16.245679247686834,5.754320752313166
1,16,5.342953759082494,10.657046240917506
3,1,6.490609073672424,-5.490609073672424
5,3,7.638264388262355,-4.638264388262355
19,15,15.671851590391867,-0.6718515903918671
6,3,8.21209204555732,-5.21209204555732
16,12,13.950368618506971,-1.950368618506971
11,13,11.081230332032145,1.9187696679678545
1,1,5.342953759082494,-4.342953759082494
8,4,9.35974736014725,-5.359747360147249
19,9,15.671851590391867,-6.671851590391867
8,7,9.35974736014725,-2.3597473601472494
8,6,9.35974736014725,-3.3597473601472494
1,1,5.342953759082494,-4.342953759082494
8,5,9.35974736014725,-4.359747360147249
20,14,16.245679247686834,-2.2456792476868337
8,5,9.35974736014725,-4.359747360147249
15,14,13.376540961212008,0.6234590387879919
4,8,7.064436730967389,0.9355632690326106
8,7,9.35974736014725,-2.3597473601472494
22,20,17.393334562276763,2.6066654377232368
25,15,19.11481753416166,-4.114817534161659
15,18,13.376540961212008,4.623459038787992
19,11,15.671851590391867,-4.671851590391867
2,4,5.916781416377459,-1.916781416377459
16,15,13.950368618506971,1.049631381493029
5,18,7.638264388262355,10.361735611737645
19,18,15.671851590391867,2.328148409608133
2,3,5.916781416377459,-2.916781416377459
7,8,8.785919702852286,-0.7859197028522864
3,7,6.490609073672424,0.5093909263275762
1,1,5.342953759082494,-4.342953759082494
9,6,9.933575017442216,-3.933575017442216
15,20,13.376540961212008,6.623459038787992
1,3,5.342953759082494,-2.3429537590824943
4,3,7.064436730967389,-4.064436730967389
4,3,7.064436730967389,-4.064436730967389
16,4,13.950368618506971,-9.950368618506971
3,3,6.490609073672424,-3.490609073672424
10,1,10.50740267473718,-9.50740267473718
10,9,10.50740267473718,-1.5074026747371807
20,17,16.245679247686834,0.7543207523131663
6,6,8.21209204555732,-2.21209204555732
15,13,13.376540961212008,-0.3765409612120081
12,4,11.655057989327112,-7.655057989327112
2,17,5.916781416377459,11.083218583622541
1,1,5.342953759082494,-4.342953759082494
19,18,15.671851590391867,2.328148409608133
10,5,10.50740267473718,-5.507402674737181
14,11,12.802713303917042,-1.8027133039170415
14,1,12.802713303917042,-11.802713303917042
10,21,10.50740267473718,10.49259732526282
18,14,15.0980239330969,-1.0980239330969006
17,20,14.524196275801938,5.475803724198062
18,13,15.0980239330969,-2.0980239330969006
20,21,16.245679247686834,4.754320752313166
20,14,16.245679247686834,-2.2456792476868337
1,18,5.342953759082494,12.657046240917506
18,14,15.0980239330969,-1.0980239330969006
1,2,5.342953759082494,-3.3429537590824943
15,13,13.376540961212008,-0.3765409612120081
12,19,11.655057989327112,7.344942010672888
7,6,8.785919702852286,-2.7859197028522864
11,4,11.081230332032145,-7.0812303320321455
5,5,7.638264388262355,-2.638264388262355
15,14,13.376540961212008,0.6234590387879919
6,1,8.21209204555732,-7.21209204555732
4,8,7.064436730967389,0.9355632690326106
6,5,8.21209204555732,-3.21209204555732
6,6,8.21209204555732,-2.21209204555732
15,13,13.376540961212008,-0.3765409612120081
6,6,8.21209204555732,-2.21209204555732
2,3,5.916781416377459,-2.916781416377459
16,9,13.950368618506971,-4.950368618506971
18,12,15.0980239330969,-3.0980239330969006
16,21,13.950368618506971,7.049631381493029
2,1,5.916781416377459,-4.916781416377459
1,9,5.342953759082494,3.6570462409175057
11,20,11.081230332032145,8.918769667967855
16,17,13.950368618506971,3.049631381493029
18,13,15.0980239330969,-2.0980239330969006
17,15,14.524196275801938,0.4758037241980624
20,19,16.245679247686834,2.7543207523131663
19,18,15.671851590391867,2.328148409608133
19,17,15.671851590391867,1.3281484096081329
10,2,10.50740267473718,-8.50740267473718
15,17,13.376540961212008,3.623459038787992
14,10,12.802713303917042,-2.8027133039170415
2,1,5.916781416377459,-4.916781416377459
12,19,11.655057989327112,7.344942010672888
14,9,12.802713303917042,-3.8027133039170415
17,4,14.524196275801938,-10.524196275801938
12,7,11.655057989327112,-4.655057989327112
3,2,6.490609073672424,-4.490609073672424
13,12,12.228885646622075,-0.228885646622075
1,1,5.342953759082494,-4.342953759082494
18,16,15.0980239330969,0.9019760669030994
9,7,9.933575017442216,-2.933575017442216
7,12,8.785919702852286,3.2140802971477136
10,8,10.50740267473718,-2.5074026747371807
23,16,17.96716221957173,-1.9671622195717298
10,13,10.50740267473718,2.4925973252628193
8,8,9.35974736014725,-1.3597473601472494
24,6,18.540989876866693,-12.540989876866693
16,19,13.950368618506971,5.049631381493029
14,18,12.802713303917042,5.1972866960829585
14,13,12.802713303917042,0.19728669608295846
14,12,12.802713303917042,-0.8027133039170415
13,10,12.228885646622075,-2.228885646622075
5,4,7.638264388262355,-3.638264388262355
15,10,13.376540961212008,-3.376540961212008
5,3,7.638264388262355,-4.638264388262355
14,13,12.802713303917042,0.19728669608295846
9,17,9.933575017442216,7.066424982557784
17,9,14.524196275801938,-5.524196275801938
12,9,11.655057989327112,-2.655057989327112
19,3,15.671851590391867,-12.671851590391867
19,17,15.671851590391867,1.3281484096081329
19,21,15.671851590391867,5.328148409608133
17,6,14.524196275801938,-8.524196275801938
6,6,8.21209204555732,-2.21209204555732
19,17,15.671851590391867,1.3281484096081329
18,18,15.0980239330969,2.9019760669030994
9,15,9.933575017442216,5.066424982557784
15,18,13.376540961212008,4.623459038787992
15,20,13.376540961212008,6.623459038787992
12,5,11.655057989327112,-6.655057989327112
15,9,13.376540961212008,-4.376540961212008
18,22,15.0980239330969,6.901976066903099
6,3,8.21209204555732,-5.21209204555732
12,14,11.655057989327112,2.344942010672888
10,12,10.50740267473718,1.4925973252628193
17,14,14.524196275801938,-0.5241962758019376
11,7,11.081230332032145,-4.0812303320321455
14,20,12.802713303917042,7.1972866960829585
7,18,8.785919702852286,9.214080297147714
7,13,8.785919702852286,4.214080297147714
1,2,5.342953759082494,-3.3429537590824943
19,16,15.671851590391867,0.32814840960813285
2,2,5.916781416377459,-3.916781416377459
6,6,8.21209204555732,-2.21209204555732
1,1,5.342953759082494,-4.342953759082494
17,14,14.524196275801938,-0.5241962758019376
7,16,8.785919702852286,7.214080297147714
11,10,11.081230332032145,-1.0812303320321455
19,13,15.671851590391867,-2.671851590391867
8,9,9.35974736014725,-0.3597473601472494
15,13,13.376540961212008,-0.3765409612120081
15,12,13.376540961212008,-1.376540961212008
21,17,16.819506904981797,0.18049309501820332
7,9,8.785919702852286,0.2140802971477136
4,1,7.064436730967389,-6.064436730967389
14,13,12.802713303917042,0.19728669608295846
13,18,12.228885646622075,5.771114353377925
5,4,7.638264388262355,-3.638264388262355
21,18,16.819506904981797,1.1804930950182033
11,13,11.081230332032145,1.9187696679678545
11,10,11.081230332032145,-1.0812303320321455
18,12,15.0980239330969,-3.0980239330969006
14,10,12.802713303917042,-2.8027133039170415
7,7,8.785919702852286,-1.7859197028522864
1,1,5.342953759082494,-4.342953759082494
11,20,11.081230332032145,8.918769667967855
1,1,5.342953759082494,-4.342953759082494
14,10,12.802713303917042,-2.8027133039170415
21,17,16.819506904981797,0.18049309501820332
2,2,5.916781416377459,-3.916781416377459
10,9,10.50740267473718,-1.5074026747371807
11,11,11.081230332032145,-0.08123033203214547
15,8,13.376540961212008,-5.376540961212008
12,13,11.655057989327112,1.344942010672888
17,14,14.524196275801938,-0.5241962758019376
17,18,14.524196275801938,3.4758037241980624
15,18,13.376540961212008,4.623459038787992
3,17,6.490609073672424,10.509390926327576
1,1,5.342953759082494,-4.342953759082494
16,16,13.950368618506971,2.049631381493029
24,9,18.540989876866693,-9.540989876866693
1,3,5.342953759082494,-2.3429537590824943
14,19,12.802713303917042,6.1972866960829585
20,22,16.245679247686834,5.754320752313166
14,11,12.802713303917042,-1.8027133039170415
9,9,9.933575017442216,-0.9335750174422159
12,8,11.655057989327112,-3.655057989327112
16,13,13.950368618506971,-0.9503686185069711
6,11,8.21209204555732,2.78790795444268
14,7,12.802713303917042,-5.8027133039170415
12,6,11.655057989327112,-5.655057989327112
17,14,14.524196275801938,-0.5241962758019376
16,15,13.950368618506971,1.049631381493029
7,6,8.785919702852286,-2.7859197028522864
5,4,7.638264388262355,-3.638264388262355
7,24,8.785919702852286,15.214080297147714
12,22,11.655057989327112,10.344942010672888
17,12,14.524196275801938,-2.5241962758019376
21,21,16.819506904981797,4.180493095018203
11,20,11.081230332032145,8.918769667967855
11,14,11.081230332032145,2.9187696679678545
8,7,9.35974736014725,-2.3597473601472494
12,11,11.655057989327112,-0.655057989327112
3,4,6.490609073672424,-2.490609073672424
2,20,5.916781416377459,14.083218583622541
5,4,7.638264388262355,-3.638264388262355
22,17,17.393334562276763,-0.3933345622767632
21,8,16.819506904981797,-8.819506904981797
20,22,16.245679247686834,5.754320752313166
6,20,8.21209204555732,11.78790795444268
3,3,6.490609073672424,-3.490609073672424
2,15,5.916781416377459,9.083218583622541
21,16,16.819506904981797,-0.8195069049817967
4,3,7.064436730967389,-4.064436730967389
24,23,18.540989876866693,4.459010123133307
9,10,9.933575017442216,0.06642498255778406
10,10,10.50740267473718,-0.5074026747371807
3,3,6.490609073672424,-3.490609073672424
4,4,7.064436730967389,-3.0644367309673894
5,6,7.638264388262355,-1.638264388262355
17,26,14.524196275801938,11.475803724198062
10,10,10.50740267473718,-0.5074026747371807
3,2,6.490609073672424,-4.490609073672424
19,14,15.671851590391867,-1.6718515903918671
17,12,14.524196275801938,-2.5241962758019376
2,2,5.916781416377459,-3.916781416377459
2,2,5.916781416377459,-3.916781416377459
1,9,5.342953759082494,3.6570462409175057
6,6,8.21209204555732,-2.21209204555732
15,8,13.376540961212008,-5.376540961212008
14,12,12.802713303917042,-0.8027133039170415
22,13,17.393334562276763,-4.393334562276763
3,4,6.490609073672424,-2.490609073672424
20,14,16.245679247686834,-2.2456792476868337
9,18,9.933575017442216,8.066424982557784
13,14,12.228885646622075,1.771114353377925
4,18,7.064436730967389,10.93556326903261
18,15,15.0980239330969,-0.0980239330969006
7,5,8.785919702852286,-3.7859197028522864
17,18,14.524196275801938,3.4758037241980624
7,7,8.785919702852286,-1.7859197028522864
15,15,13.376540961212008,1.623459038787992
9,6,9.933575017442216,-3.933575017442216
3,2,6.490609073672424,-4.490609073672424
11,16,11.081230332032145,4.9187696679678545
21,15,16.819506904981797,-1.8195069049817967
1,1,5.342953759082494,-4.342953759082494
17,15,14.524196275801938,0.4758037241980624
3,2,6.490609073672424,-4.490609073672424
17,18,14.524196275801938,3.4758037241980624
8,19,9.35974736014725,9.64025263985275
10,20,10.50740267473718,9.49259732526282
13,11,12.228885646622075,-1.228885646622075
24,23,18.540989876866693,4.459010123133307
18,19,15.0980239330969,3.9019760669030994
4,11,7.064436730967389,3.9355632690326106
10,10,10.50740267473718,-0.5074026747371807
1,1,5.342953759082494,-4.342953759082494
14,17,12.802713303917042,4.1972866960829585
6,18,8.21209204555732,9.78790795444268
10,20,10.50740267473718,9.49259732526282
7,10,8.785919702852286,1.2140802971477136
18,5,15.0980239330969,-10.0980239330969
7,8,8.785919702852286,-0.7859197028522864
1,9,5.342953759082494,3.6570462409175057
5,24,7.638264388262355,16.361735611737643
3,14,6.490609073672424,7.509390926327576
3,2,6.490609073672424,-4.490609073672424
18,15,15.0980239330969,-0.0980239330969006
5,7,7.638264388262355,-0.6382643882623551
14,8,12.802713303917042,-4.8027133039170415
13,10,12.228885646622075,-2.228885646622075
12,17,11.655057989327112,5.344942010672888
6,22,8.21209204555732,13.78790795444268
4,3,7.064436730967389,-4.064436730967389
14,14,12.802713303917042,1.1972866960829585
3,20,6.490609073672424,13.509390926327576
14,24,12.802713303917042,11.197286696082958
4,3,7.064436730967389,-4.064436730967389
4,13,7.064436730967389,5.935563269032611
1,4,5.342953759082494,-1.3429537590824943
13,16,12.228885646622075,3.771114353377925
13,16,12.228885646622075,3.771114353377925
5,11,7.638264388262355,3.361735611737645
21,16,16.819506904981797,-0.8195069049817967
19,14,15.671851590391867,-1.6718515903918671
20,16,16.245679247686834,-0.2456792476868337
21,16,16.819506904981797,-0.8195069049817967
20,21,16.245679247686834,4.754320752313166
20,2,16.245679247686834,-14.245679247686834
7,5,8.785919702852286,-3.7859197028522864
11,11,11.081230332032145,-0.08123033203214547
13,9,12.228885646622075,-3.228885646622075
2,19,5.916781416377459,13.083218583622541
19,10,15.671851590391867,-5.671851590391867
16,11,13.950368618506971,-2.950368618506971
19,17,15.671851590391867,1.3281484096081329
8,13,9.35974736014725,3.6402526398527506
6,8,8.21209204555732,-0.21209204555731986
11,11,11.081230332032145,-0.08123033203214547
20,19,16.245679247686834,2.7543207523131663
13,13,12.228885646622075,0.771114353377925
2,1,5.916781416377459,-4.916781416377459
16,10,13.950368618506971,-3.950368618506971
9,7,9.933575017442216,-2.933575017442216
11,7,11.081230332032145,-4.0812303320321455
13,8,12.228885646622075,-4.228885646622075
6,6,8.21209204555732,-2.21209204555732
17,17,14.524196275801938,2.4758037241980624
19,9,15.671851590391867,-6.671851590391867
3,20,6.490609073672424,13.509390926327576
7,3,8.785919702852286,-5.785919702852286
17,19,14.524196275801938,4.475803724198062
14,10,12.802713303917042,-2.8027133039170415
3,19,6.490609073672424,12.509390926327576
10,5,10.50740267473718,-5.507402674737181
9,8,9.933575017442216,-1.933575017442216
9,9,9.933575017442216,-0.9335750174422159
12,14,11.655057989327112,2.344942010672888
16,15,13.950368618506971,1.049631381493029
17,15,14.524196275801938,0.4758037241980624
18,14,15.0980239330969,-1.0980239330969006
20,15,16.245679247686834,-1.2456792476868337
5,3,7.638264388262355,-4.638264388262355
19,14,15.671851590391867,-1.6718515903918671
18,12,15.0980239330969,-3.0980239330969006
21,19,16.819506904981797,2.1804930950182033
17,10,14.524196275801938,-4.524196275801938
8,8,9.35974736014725,-1.3597473601472494
17,8,14.524196275801938,-6.524196275801938
21,10,16.819506904981797,-6.819506904981797
16,19,13.950368618506971,5.049631381493029
18,12,15.0980239330969,-3.0980239330969006
14,17,12.802713303917042,4.1972866960829585
1,1,5.342953759082494,-4.342953759082494
2,2,5.916781416377459,-3.916781416377459
14,11,12.802713303917042,-1.8027133039170415
6,1,8.21209204555732,-7.21209204555732
20,18,16.245679247686834,1.7543207523131663
19,18,15.671851590391867,2.328148409608133
15,11,13.376540961212008,-2.376540961212008
17,14,14.524196275801938,-0.5241962758019376
12,11,11.655057989327112,-0.655057989327112
7,20,8.785919702852286,11.214080297147714
11,3,11.081230332032145,-8.081230332032145
17,11,14.524196275801938,-3.5241962758019376
3,9,6.490609073672424,2.509390926327576
3,3,6.490609073672424,-3.490609073672424
12,4,11.655057989327112,-7.655057989327112
12,8,11.655057989327112,-3.655057989327112
17,3,14.524196275801938,-11.524196275801938
11,9,11.081230332032145,-2.0812303320321455
9,20,9.933575017442216,10.066424982557784
7,7,8.785919702852286,-1.7859197028522864
9,10,9.933575017442216,0.06642498255778406
12,10,11.655057989327112,-1.655057989327112
10,6,10.50740267473718,-4.507402674737181
9,20,9.933575017442216,10.066424982557784
1,18,5.342953759082494,12.657046240917506
11,16,11.081230332032145,4.9187696679678545
1,2,5.342953759082494,-3.3429537590824943
17,2,14.524196275801938,-12.524196275801938
8,16,9.35974736014725,6.640252639852751
4,5,7.064436730967389,-2.0644367309673894
9,21,9.933575017442216,11.066424982557784
18,19,15.0980239330969,3.9019760669030994
5,20,7.638264388262355,12.361735611737645
3,5,6.490609073672424,-1.4906090736724238
1,19,5.342953759082494,13.657046240917506
11,17,11.081230332032145,5.9187696679678545
14,15,12.802713303917042,2.1972866960829585
7,6,8.785919702852286,-2.7859197028522864
8,19,9.35974736014725,9.64025263985275
13,10,12.228885646622075,-2.228885646622075
16,18,13.950368618506971,4.049631381493029
11,8,11.081230332032145,-3.0812303320321455
16,12,13.950368618506971,-1.950368618506971
3,15,6.490609073672424,8.509390926327576
16,15,13.950368618506971,1.049631381493029
19,15,15.671851590391867,-0.6718515903918671
18,9,15.0980239330969,-6.098023933096901
20,20,16.245679247686834,3.7543207523131663
4,3,7.064436730967389,-4.064436730967389
7,6,8.785919702852286,-2.7859197028522864
14,5,12.802713303917042,-7.8027133039170415
22,15,17.393334562276763,-2.3933345622767632
24,23,18.540989876866693,4.459010123133307
4,19,7.064436730967389,11.93556326903261
2,4,5.916781416377459,-1.916781416377459
5,11,7.638264388262355,3.361735611737645
18,9,15.0980239330969,-6.098023933096901
10,3,10.50740267473718,-7.507402674737181
16,16,13.950368618506971,2.049631381493029
4,7,7.064436730967389,-0.06443673096738944
1,1,5.342953759082494,-4.342953759082494
16,19,13.950368618506971,5.049631381493029
12,19,11.655057989327112,7.344942010672888
11,4,11.081230332032145,-7.0812303320321455
14,19,12.802713303917042,6.1972866960829585
9,7,9.933575017442216,-2.933575017442216
22,13,17.393334562276763,-4.393334562276763
16,17,13.950368618506971,3.049631381493029
17,12,14.524196275801938,-2.5241962758019376
14,15,12.802713303917042,2.1972866960829585
6,20,8.21209204555732,11.78790795444268
7,6,8.785919702852286,-2.7859197028522864
6,5,8.21209204555732,-3.21209204555732
9,7,9.933575017442216,-2.933575017442216
20,19,16.245679247686834,2.7543207523131663
24,22,18.540989876866693,3.4590101231333072
15,9,13.376540961212008,-4.376540961212008
5,5,7.638264388262355,-2.638264388262355
24,19,18.540989876866693,0.45901012313330725
18,15,15.0980239330969,-0.0980239330969006
19,13,15.671851590391867,-2.671851590391867
3,3,6.490609073672424,-3.490609073672424
12,11,11.655057989327112,-0.655057989327112
1,17,5.342953759082494,11.657046240917506
11,5,11.081230332032145,-6.0812303320321455
1,19,5.342953759082494,13.657046240917506
5,22,7.638264388262355,14.361735611737645
9,14,9.933575017442216,4.066424982557784
4,6,7.064436730967389,-1.0644367309673894
10,16,10.50740267473718,5.492597325262819
4,4,7.064436730967389,-3.0644367309673894
13,6,12.228885646622075,-6.228885646622075
16,20,13.950368618506971,6.049631381493029
17,14,14.524196275801938,-0.5241962758019376
4,1,7.064436730967389,-6.064436730967389
17,13,14.524196275801938,-1.5241962758019376
4,6,7.064436730967389,-1.0644367309673894
14,9,12.802713303917042,-3.8027133039170415
23,15,17.96716221957173,-2.9671622195717298
8,7,9.35974736014725,-2.3597473601472494
21,15,16.819506904981797,-1.8195069049817967
9,6,9.933575017442216,-3.933575017442216
23,17,17.96716221957173,-0.9671622195717298
19,13,15.671851590391867,-2.671851590391867
17,20,14.524196275801938,5.475803724198062
4,4,7.064436730967389,-3.0644367309673894
9,9,9.933575017442216,-0.9335750174422159
14,12,12.802713303917042,-0.8027133039170415
1,1,5.342953759082494,-4.342953759082494
17,14,14.524196275801938,-0.5241962758019376
16,15,13.950368618506971,1.049631381493029
17,7,14.524196275801938,-7.524196275801938
17,19,14.524196275801938,4.475803724198062
14,20,12.802713303917042,7.1972866960829585
15,10,13.376540961212008,-3.376540961212008
16,15,13.950368618506971,1.049631381493029
11,14,11.081230332032145,2.9187696679678545
8,5,9.35974736014725,-4.359747360147249
16,11,13.950368618506971,-2.950368618506971
16,11,13.950368618506971,-2.950368618506971
9,14,9.933575017442216,4.066424982557784
8,14,9.35974736014725,4.640252639852751
4,8,7.064436730967389,0.9355632690326106
20,15,16.245679247686834,-1.2456792476868337
22,17,17.393334562276763,-0.3933345622767632
1,1,5.342953759082494,-4.342953759082494
12,26,11.655057989327112,14.344942010672888
8,9,9.35974736014725,-0.3597473601472494
2,8,5.916781416377459,2.083218583622541
18,17,15.0980239330969,1.9019760669030994
7,3,8.785919702852286,-5.785919702852286
1,1,5.342953759082494,-4.342953759082494
16,17,13.950368618506971,3.049631381493029
1,2,5.342953759082494,-3.3429537590824943
19,14,15.671851590391867,-1.6718515903918671
12,17,11.655057989327112,5.344942010672888
7,5,8.785919702852286,-3.7859197028522864
10,12,10.50740267473718,1.4925973252628193
11,14,11.081230332032145,2.9187696679678545
18,18,15.0980239330969,2.9019760669030994
17,14,14.524196275801938,-0.5241962758019376
11,12,11.081230332032145,0.9187696679678545
4,3,7.064436730967389,-4.064436730967389
3,2,6.490609073672424,-4.490609073672424
11,9,11.081230332032145,-2.0812303320321455
10,14,10.50740267473718,3.4925973252628193
4,8,7.064436730967389,0.9355632690326106
19,16,15.671851590391867,0.32814840960813285
8,14,9.35974736014725,4.640252639852751
19,18,15.671851590391867,2.328148409608133
21,18,16.819506904981797,1.1804930950182033
6,10,8.21209204555732,1.7879079544426801
7,14,8.785919702852286,5.214080297147714
4,5,7.064436730967389,-2.0644367309673894
5,1,7.638264388262355,-6.638264388262355
21,16,16.819506904981797,-0.8195069049817967
15,18,13.376540961212008,4.623459038787992
13,7,12.228885646622075,-5.228885646622075
5,3,7.638264388262355,-4.638264388262355
11,12,11.081230332032145,0.9187696679678545
11,10,11.081230332032145,-1.0812303320321455
6,6,8.21209204555732,-2.21209204555732
19,12,15.671851590391867,-3.671851590391867
3,2,6.490609073672424,-4.490609073672424
19,16,15.671851590391867,0.32814840960813285
10,11,10.50740267473718,0.4925973252628193
2,1,5.916781416377459,-4.916781416377459
9,6,9.933575017442216,-3.933575017442216
1,1,5.342953759082494,-4.342953759082494
1,2,5.342953759082494,-3.3429537590824943
14,13,12.802713303917042,0.19728669608295846
5,4,7.638264388262355,-3.638264388262355
12,7,11.655057989327112,-4.655057989327112
4,4,7.064436730967389,-3.0644367309673894
1,1,5.342953759082494,-4.342953759082494
14,11,12.802713303917042,-1.8027133039170415
20,17,16.245679247686834,0.7543207523131663
10,10,10.50740267473718,-0.5074026747371807
11,15,11.081230332032145,3.9187696679678545
11,12,11.081230332032145,0.9187696679678545
17,8,14.524196275801938,-6.524196275801938
2,1,5.916781416377459,-4.916781416377459
3,3,6.490609073672424,-3.490609073672424
8,3,9.35974736014725,-6.359747360147249
1,1,5.342953759082494,-4.342953759082494
1,20,5.342953759082494,14.657046240917506
20,8,16.245679247686834,-8.245679247686834
16,19,13.950368618506971,5.049631381493029
26,18,19.688645191456622,-1.6886451914566223
10,8,10.50740267473718,-2.5074026747371807
20,17,16.245679247686834,0.7543207523131663
6,6,8.21209204555732,-2.21209204555732
21,22,16.819506904981797,5.180493095018203
15,11,13.376540961212008,-2.376540961212008
8,11,9.35974736014725,1.6402526398527506
23,15,17.96716221957173,-2.9671622195717298
10,3,10.50740267473718,-7.507402674737181
17,12,14.524196275801938,-2.5241962758019376
14,15,12.802713303917042,2.1972866960829585
18,18,15.0980239330969,2.9019760669030994
13,8,12.228885646622075,-4.228885646622075
8,7,9.35974736014725,-2.3597473601472494
10,7,10.50740267473718,-3.5074026747371807
8,9,9.35974736014725,-0.3597473601472494
1,2,5.342953759082494,-3.3429537590824943
3,3,6.490609073672424,-3.490609073672424
2,3,5.916781416377459,-2.916781416377459
14,15,12.802713303917042,2.1972866960829585
17,16,14.524196275801938,1.4758037241980624
8,18,9.35974736014725,8.64025263985275
2,1,5.916781416377459,-4.916781416377459
20,14,16.245679247686834,-2.2456792476868337
11,13,11.081230332032145,1.9187696679678545
6,6,8.21209204555732,-2.21209204555732
16,19,13.950368618506971,5.049631381493029
1,1,5.342953759082494,-4.342953759082494
7,5,8.785919702852286,-3.7859197028522864
1,3,5.342953759082494,-2.3429537590824943
17,19,14.524196275801938,4.475803724198062
12,9,11.655057989327112,-2.655057989327112
16,14,13.950368618506971,0.049631381493028925
7,6,8.785919702852286,-2.7859197028522864
14,16,12.802713303917042,3.1972866960829585
6,20,8.21209204555732,11.78790795444268
1,3,5.342953759082494,-2.3429537590824943
7,4,8.785919702852286,-4.785919702852286
12,11,11.655057989327112,-0.655057989327112
2,5,5.916781416377459,-0.916781416377459
11,6,11.081230332032145,-5.0812303320321455
1,1,5.342953759082494,-4.342953759082494
15,18,13.376540961212008,4.623459038787992
15,18,13.376540961212008,4.623459038787992
17,16,14.524196275801938,1.4758037241980624
4,2,7.064436730967389,-5.064436730967389
5,8,7.638264388262355,0.3617356117376449
5,19,7.638264388262355,11.361735611737645
13,14,12.228885646622075,1.771114353377925
18,14,15.0980239330969,-1.0980239330969006
13,16,12.228885646622075,3.771114353377925
1,2,5.342953759082494,-3.3429537590824943
21,20,16.819506904981797,3.1804930950182033
11,6,11.081230332032145,-5.0812303320321455
21,21,16.819506904981797,4.180493095018203
9,13,9.933575017442216,3.066424982557784
14,10,12.802713303917042,-2.8027133039170415
18,13,15.0980239330969,-2.0980239330969006
2,11,5.916781416377459,5.083218583622541
3,18,6.490609073672424,11.509390926327576
14,13,12.802713303917042,0.19728669608295846
20,19,16.245679247686834,2.7543207523131663
17,7,14.524196275801938,-7.524196275801938
17,16,14.524196275801938,1.4758037241980624
7,5,8.785919702852286,-3.7859197028522864
4,3,7.064436730967389,-4.064436730967389
17,15,14.524196275801938,0.4758037241980624
14,14,12.802713303917042,1.1972866960829585
10,4,10.50740267473718,-6.507402674737181
6,5,8.21209204555732,-3.21209204555732
22,21,17.393334562276763,3.6066654377232368
17,16,14.524196275801938,1.4758037241980624
20,22,16.245679247686834,5.754320752313166
13,17,12.228885646622075,4.771114353377925
24,18,18.540989876866693,-0.5409898768666928
13,18,12.228885646622075,5.771114353377925
1,1,5.342953759082494,-4.342953759082494
10,5,10.50740267473718,-5.507402674737181
2,1,5.916781416377459,-4.916781416377459
12,12,11.655057989327112,0.344942010672888
17,10,14.524196275801938,-4.524196275801938
18,15,15.0980239330969,-0.0980239330969006
11,5,11.081230332032145,-6.0812303320321455
9,14,9.933575017442216,4.066424982557784
16,14,13.950368618506971,0.049631381493028925
18,15,15.0980239330969,-0.0980239330969006
9,22,9.933575017442216,12.066424982557784
13,17,12.228885646622075,4.771114353377925
16,22,13.950368618506971,8.049631381493029
18,15,15.0980239330969,-0.0980239330969006
6,10,8.21209204555732,1.7879079544426801
7,13,8.785919702852286,4.214080297147714
1,2,5.342953759082494,-3.3429537590824943
12,8,11.655057989327112,-3.655057989327112
10,4,10.50740267473718,-6.507402674737181
16,10,13.950368618506971,-3.950368618506971
3,4,6.490609073672424,-2.490609073672424
24,13,18.540989876866693,-5.540989876866693
19,16,15.671851590391867,0.32814840960813285
9,6,9.933575017442216,-3.933575017442216
19,8,15.671851590391867,-7.671851590391867
3,5,6.490609073672424,-1.4906090736724238
16,11,13.950368618506971,-2.950368618506971
6,10,8.21209204555732,1.7879079544426801
14,19,12.802713303917042,6.1972866960829585
18,11,15.0980239330969,-4.098023933096901
18,19,15.0980239330969,3.9019760669030994
15,20,13.376540961212008,6.623459038787992
6,7,8.21209204555732,-1.2120920455573199
13,12,12.228885646622075,-0.228885646622075
2,22,5.916781416377459,16.08321858362254
17,20,14.524196275801938,5.475803724198062
15,15,13.376540961212008,1.623459038787992
3,14,6.490609073672424,7.509390926327576
15,12,13.376540961212008,-1.376540961212008
10,4,10.50740267473718,-6.507402674737181
15,10,13.376540961212008,-3.376540961212008
11,15,11.081230332032145,3.9187696679678545
19,19,15.671851590391867,3.328148409608133
16,12,13.950368618506971,-1.950368618506971
21,19,16.819506904981797,2.1804930950182033
5,5,7.638264388262355,-2.638264388262355
20,5,16.245679247686834,-11.245679247686834
11,2,11.081230332032145,-9.081230332032145
3,2,6.490609073672424,-4.490609073672424
11,14,11.081230332032145,2.9187696679678545
13,8,12.228885646622075,-4.228885646622075
6,4,8.21209204555732,-4.21209204555732
1,1,5.342953759082494,-4.342953759082494
2,1,5.916781416377459,-4.916781416377459
11,5,11.081230332032145,-6.0812303320321455
13,12,12.228885646622075,-0.228885646622075
21,20,16.819506904981797,3.1804930950182033
2,2,5.916781416377459,-3.916781416377459
20,14,16.245679247686834,-2.2456792476868337
4,2,7.064436730967389,-5.064436730967389
1,2,5.342953759082494,-3.3429537590824943
10,6,10.50740267473718,-4.507402674737181
12,19,11.655057989327112,7.344942010672888
13,12,12.228885646622075,-0.228885646622075
24,22,18.540989876866693,3.4590101231333072
15,9,13.376540961212008,-4.376540961212008
19,17,15.671851590391867,1.3281484096081329
14,3,12.802713303917042,-9.802713303917042
4,2,7.064436730967389,-5.064436730967389
8,5,9.35974736014725,-4.359747360147249
16,16,13.950368618506971,2.049631381493029
1,1,5.342953759082494,-4.342953759082494
1,1,5.342953759082494,-4.342953759082494
20,19,16.245679247686834,2.7543207523131663
18,18,15.0980239330969,2.9019760669030994
7,3,8.785919702852286,-5.785919702852286
8,8,9.35974736014725,-1.3597473601472494
10,11,10.50740267473718,0.4925973252628193
14,18,12.802713303917042,5.1972866960829585
4,8,7.064436730967389,0.9355632690326106
19,15,15.671851590391867,-0.6718515903918671
15,14,13.376540961212008,0.6234590387879919
14,15,12.802713303917042,2.1972866960829585
22,19,17.393334562276763,1.6066654377232368
5,24,7.638264388262355,16.361735611737643
15,3,13.376540961212008,-10.376540961212008
19,9,15.671851590391867,-6.671851590391867
14,11,12.802713303917042,-1.8027133039170415
1,4,5.342953759082494,-1.3429537590824943
14,7,12.802713303917042,-5.8027133039170415
10,9,10.50740267473718,-1.5074026747371807
17,21,14.524196275801938,6.475803724198062
6,7,8.21209204555732,-1.2120920455573199
16,13,13.950368618506971,-0.9503686185069711
5,19,7.638264388262355,11.361735611737645
14,9,12.802713303917042,-3.8027133039170415
7,7,8.785919702852286,-1.7859197028522864
16,13,13.950368618506971,-0.9503686185069711
16,12,13.950368618506971,-1.950368618506971
14,16,12.802713303917042,3.1972866960829585
4,4,7.064436730967389,-3.0644367309673894
13,13,12.228885646622075,0.771114353377925
1,1,5.342953759082494,-4.342953759082494
12,14,11.655057989327112,2.344942010672888
6,16,8.21209204555732,7.78790795444268
25,18,19.11481753416166,-1.1148175341616593
16,10,13.950368618506971,-3.950368618506971
15,11,13.376540961212008,-2.376540961212008
18,12,15.0980239330969,-3.0980239330969006
1,5,5.342953759082494,-0.34295375908249426
4,4,7.064436730967389,-3.0644367309673894
7,6,8.785919702852286,-2.7859197028522864
20,17,16.245679247686834,0.7543207523131663
19,18,15.671851590391867,2.328148409608133
3,1,6.490609073672424,-5.490609073672424
20,17,16.245679247686834,0.7543207523131663
9,10,9.933575017442216,0.06642498255778406
2,1,5.916781416377459,-4.916781416377459
13,15,12.228885646622075,2.771114353377925
10,9,10.50740267473718,-1.5074026747371807
19,10,15.671851590391867,-5.671851590391867
6,14,8.21209204555732,5.78790795444268
4,19,7.064436730967389,11.93556326903261
5,2,7.638264388262355,-5.638264388262355
1,1,5.342953759082494,-4.342953759082494
18,16,15.0980239330969,0.9019760669030994
7,6,8.785919702852286,-2.7859197028522864
11,23,11.081230332032145,11.918769667967855
12,13,11.655057989327112,1.344942010672888
10,10,10.50740267473718,-0.5074026747371807
21,22,16.819506904981797,5.180493095018203
13,15,12.228885646622075,2.771114353377925
5,1,7.638264388262355,-6.638264388262355
16,9,13.950368618506971,-4.950368618506971
12,17,11.655057989327112,5.344942010672888
1,1,5.342953759082494,-4.342953759082494
2,8,5.916781416377459,2.083218583622541
13,13,12.228885646622075,0.771114353377925
1,3,5.342953759082494,-2.3429537590824943
18,16,15.0980239330969,0.9019760669030994
16,17,13.950368618506971,3.049631381493029
7,2,8.785919702852286,-6.785919702852286
16,8,13.950368618506971,-5.950368618506971
11,22,11.081230332032145,10.918769667967855
10,9,10.50740267473718,-1.5074026747371807
13,20,12.228885646622075,7.771114353377925
11,13,11.081230332032145,1.9187696679678545
5,6,7.638264388262355,-1.638264388262355
21,18,16.819506904981797,1.1804930950182033
20,16,16.245679247686834,-0.2456792476868337
9,1,9.933575017442216,-8.933575017442216
19,17,15.671851590391867,1.3281484096081329
18,19,15.0980239330969,3.9019760669030994
20,19,16.245679247686834,2.7543207523131663
14,12,12.802713303917042,-0.8027133039170415
23,19,17.96716221957173,1.0328377804282702
24,22,18.540989876866693,3.4590101231333072
4,3,7.064436730967389,-4.064436730967389
13,8,12.228885646622075,-4.228885646622075
15,9,13.376540961212008,-4.376540961212008
17,15,14.524196275801938,0.4758037241980624
1,3,5.342953759082494,-2.3429537590824943
18,13,15.0980239330969,-2.0980239330969006
4,3,7.064436730967389,-4.064436730967389
6,21,8.21209204555732,12.78790795444268
7,10,8.785919702852286,1.2140802971477136
14,6,12.802713303917042,-6.8027133039170415
13,16,12.228885646622075,3.771114353377925
20,13,16.245679247686834,-3.2456792476868337
20,18,16.245679247686834,1.7543207523131663
9,21,9.933575017442216,11.066424982557784
18,10,15.0980239330969,-5.098023933096901
1,1,5.342953759082494,-4.342953759082494
9,8,9.933575017442216,-1.933575017442216
21,21,16.819506904981797,4.180493095018203
22,21,17.393334562276763,3.6066654377232368
9,4,9.933575017442216,-5.933575017442216
8,19,9.35974736014725,9.64025263985275
8,4,9.35974736014725,-5.359747360147249
16,20,13.950368618506971,6.049631381493029
18,15,15.0980239330969,-0.0980239330969006
1,1,5.342953759082494,-4.342953759082494
5,5,7.638264388262355,-2.638264388262355
7,21,8.785919702852286,12.214080297147714
13,14,12.228885646622075,1.771114353377925
4,2,7.064436730967389,-5.064436730967389
9,6,9.933575017442216,-3.933575017442216
7,13,8.785919702852286,4.214080297147714
14,10,12.802713303917042,-2.8027133039170415
3,3,6.490609073672424,-3.490609073672424
20,12,16.245679247686834,-4.245679247686834
8,15,9.35974736014725,5.640252639852751
6,12,8.21209204555732,3.78790795444268
4,4,7.064436730967389,-3.0644367309673894
17,16,14.524196275801938,1.4758037241980624
12,20,11.655057989327112,8.344942010672888
14,22,12.802713303917042,9.197286696082958
13,15,12.228885646622075,2.771114353377925
4,4,7.064436730967389,-3.0644367309673894
4,18,7.064436730967389,10.93556326903261
6,9,8.21209204555732,0.7879079544426801
13,8,12.228885646622075,-4.228885646622075
12,22,11.655057989327112,10.344942010672888
18,11,15.0980239330969,-4.098023933096901
24,23,18.540989876866693,4.459010123133307
8,4,9.35974736014725,-5.359747360147249
11,19,11.081230332032145,7.9187696679678545
4,3,7.064436730967389,-4.064436730967389
6,6,8.21209204555732,-2.21209204555732
14,16,12.802713303917042,3.1972866960829585
15,11,13.376540961212008,-2.376540961212008
12,3,11.655057989327112,-8.655057989327112
12,8,11.655057989327112,-3.655057989327112
8,20,9.35974736014725,10.64025263985275
4,6,7.064436730967389,-1.0644367309673894
20,23,16.245679247686834,6.754320752313166
20,19,16.245679247686834,2.7543207523131663
6,6,8.21209204555732,-2.21209204555732
6,1,8.21209204555732,-7.21209204555732
1,5,5.342953759082494,-0.34295375908249426
19,20,15.671851590391867,4.328148409608133
17,13,14.524196275801938,-1.5241962758019376
5,10,7.638264388262355,2.361735611737645
10,11,10.50740267473718,0.4925973252628193
7,8,8.785919702852286,-0.7859197028522864
16,12,13.950368618506971,-1.950368618506971
4,4,7.064436730967389,-3.0644367309673894
20,19,16.245679247686834,2.7543207523131663
6,4,8.21209204555732,-4.21209204555732
3,2,6.490609073672424,-4.490609073672424
12,11,11.655057989327112,-0.655057989327112
14,12,12.802713303917042,-0.8027133039170415
17,16,14.524196275801938,1.4758037241980624
5,10,7.638264388262355,2.361735611737645
6,20,8.21209204555732,11.78790795444268
6,13,8.21209204555732,4.78790795444268
20,16,16.245679247686834,-0.2456792476868337
10,10,10.50740267473718,-0.5074026747371807
6,17,8.21209204555732,8.78790795444268
6,5,8.21209204555732,-3.21209204555732
6,8,8.21209204555732,-0.21209204555731986
12,12,11.655057989327112,0.344942010672888
2,1,5.916781416377459,-4.916781416377459
15,14,13.376540961212008,0.6234590387879919
11,10,11.081230332032145,-1.0812303320321455
18,10,15.0980239330969,-5.098023933096901
17,14,14.524196275801938,-0.5241962758019376
12,11,11.655057989327112,-0.655057989327112
18,23,15.0980239330969,7.901976066903099
17,16,14.524196275801938,1.4758037241980624
17,4,14.524196275801938,-10.524196275801938
6,17,8.21209204555732,8.78790795444268
19,17,15.671851590391867,1.3281484096081329
8,15,9.35974736014725,5.640252639852751
9,10,9.933575017442216,0.06642498255778406
12,10,11.655057989327112,-1.655057989327112
11,15,11.081230332032145,3.9187696679678545
7,6,8.785919702852286,-2.7859197028522864
9,10,9.933575017442216,0.06642498255778406
17,17,14.524196275801938,2.4758037241980624
9,13,9.933575017442216,3.066424982557784
6,15,8.21209204555732,6.78790795444268
15,14,13.376540961212008,0.6234590387879919
8,7,9.35974736014725,-2.3597473601472494
5,3,7.638264388262355,-4.638264388262355
10,14,10.50740267473718,3.4925973252628193
20,20,16.245679247686834,3.7543207523131663
5,12,7.638264388262355,4.361735611737645
22,17,17.393334562276763,-0.3933345622767632
3,2,6.490609073672424,-4.490609073672424
21,14,16.819506904981797,-2.8195069049817967
13,13,12.228885646622075,0.771114353377925
21,15,16.819506904981797,-1.8195069049817967
9,8,9.933575017442216,-1.933575017442216
9,20,9.933575017442216,10.066424982557784
2,2,5.916781416377459,-3.916781416377459
17,21,14.524196275801938,6.475803724198062
7,2,8.785919702852286,-6.785919702852286
15,13,13.376540961212008,-0.3765409612120081
16,14,13.950368618506971,0.049631381493028925
15,13,13.376540961212008,-0.3765409612120081
7,5,8.785919702852286,-3.7859197028522864
13,11,12.228885646622075,-1.228885646622075
22,19,17.393334562276763,1.6066654377232368
7,15,8.785919702852286,6.214080297147714
4,10,7.064436730967389,2.9355632690326106
1,1,5.342953759082494,-4.342953759082494
17,13,14.524196275801938,-1.5241962758019376
2,2,5.916781416377459,-3.916781416377459
19,13,15.671851590391867,-2.671851590391867
16,23,13.950368618506971,9.049631381493029
11,22,11.081230332032145,10.918769667967855
15,12,13.376540961212008,-1.376540961212008
1,2,5.342953759082494,-3.3429537590824943
18,18,15.0980239330969,2.9019760669030994
9,8,9.933575017442216,-1.933575017442216
6,7,8.21209204555732,-1.2120920455573199
1,1,5.342953759082494,-4.342953759082494
7,11,8.785919702852286,2.2140802971477136
14,13,12.802713303917042,0.19728669608295846
11,19,11.081230332032145,7.9187696679678545
12,17,11.655057989327112,5.344942010672888
21,18,16.819506904981797,1.1804930950182033
14,12,12.802713303917042,-0.8027133039170415
5,10,7.638264388262355,2.361735611737645
3,1,6.490609073672424,-5.490609073672424
13,18,12.228885646622075,5.771114353377925
6,9,8.21209204555732,0.7879079544426801
4,2,7.064436730967389,-5.064436730967389
12,15,11.655057989327112,3.344942010672888
20,19,16.245679247686834,2.7543207523131663
22,15,17.393334562276763,-2.3933345622767632
13,19,12.228885646622075,6.771114353377925
12,7,11.655057989327112,-4.655057989327112
6,5,8.21209204555732,-3.21209204555732
1,14,5.342953759082494,8.657046240917506
4,5,7.064436730967389,-2.0644367309673894
19,20,15.671851590391867,4.328148409608133
10,6,10.50740267473718,-4.507402674737181
6,5,8.21209204555732,-3.21209204555732
6,9,8.21209204555732,0.7879079544426801
12,10,11.655057989327112,-1.655057989327112
8,10,9.35974736014725,0.6402526398527506
11,7,11.081230332032145,-4.0812303320321455
15,14,13.376540961212008,0.6234590387879919
12,6,11.655057989327112,-5.655057989327112
6,7,8.21209204555732,-1.2120920455573199
14,20,12.802713303917042,7.1972866960829585
7,17,8.785919702852286,8.214080297147714
17,14,14.524196275801938,-0.5241962758019376
7,6,8.785919702852286,-2.7859197028522864
13,12,12.228885646622075,-0.228885646622075
10,21,10.50740267473718,10.49259732526282
23,21,17.96716221957173,3.0328377804282702
7,5,8.785919702852286,-3.7859197028522864
3,3,6.490609073672424,-3.490609073672424
22,14,17.393334562276763,-3.3933345622767632
8,8,9.35974736014725,-1.3597473601472494
10,5,10.50740267473718,-5.507402674737181
12,8,11.655057989327112,-3.655057989327112
16,22,13.950368618506971,8.049631381493029
10,20,10.50740267473718,9.49259732526282
8,8,9.35974736014725,-1.3597473601472494
13,16,12.228885646622075,3.771114353377925
6,11,8.21209204555732,2.78790795444268
20,19,16.245679247686834,2.7543207523131663
6,6,8.21209204555732,-2.21209204555732
5,4,7.638264388262355,-3.638264388262355
1,4,5.342953759082494,-1.3429537590824943
20,23,16.245679247686834,6.754320752313166
18,10,15.0980239330969,-5.098023933096901
18,15,15.0980239330969,-0.0980239330969006
6,7,8.21209204555732,-1.2120920455573199
11,10,11.081230332032145,-1.0812303320321455
15,14,13.376540961212008,0.6234590387879919
8,5,9.35974736014725,-4.359747360147249
10,11,10.50740267473718,0.4925973252628193
16,17,13.950368618506971,3.049631381493029
16,14,13.950368618506971,0.049631381493028925
2,20,5.916781416377459,14.083218583622541
10,7,10.50740267473718,-3.5074026747371807
4,1,7.064436730967389,-6.064436730967389
17,15,14.524196275801938,0.4758037241980624
2,3,5.916781416377459,-2.916781416377459
3,3,6.490609073672424,-3.490609073672424
6,7,8.21209204555732,-1.2120920455573199
15,16,13.376540961212008,2.623459038787992
1,1,5.342953759082494,-4.342953759082494
4,3,7.064436730967389,-4.064436730967389
7,17,8.785919702852286,8.214080297147714
10,13,10.50740267473718,2.4925973252628193
4,3,7.064436730967389,-4.064436730967389
6,4,8.21209204555732,-4.21209204555732
16,17,13.950368618506971,3.049631381493029
23,22,17.96716221957173,4.03283778042827
3,2,6.490609073672424,-4.490609073672424
9,21,9.933575017442216,11.066424982557784
15,15,13.376540961212008,1.623459038787992
16,17,13.950368618506971,3.049631381493029
9,9,9.933575017442216,-0.9335750174422159
20,15,16.245679247686834,-1.2456792476868337
17,10,14.524196275801938,-4.524196275801938
16,13,13.950368618506971,-0.9503686185069711
13,23,12.228885646622075,10.771114353377925
6,5,8.21209204555732,-3.21209204555732
9,11,9.933575017442216,1.066424982557784
19,20,15.671851590391867,4.328148409608133
11,10,11.081230332032145,-1.0812303320321455
5,4,7.638264388262355,-3.638264388262355
20,13,16.245679247686834,-3.2456792476868337
2,1,5.916781416377459,-4.916781416377459
7,11,8.785919702852286,2.2140802971477136
3,5,6.490609073672424,-1.4906090736724238
2,1,5.916781416377459,-4.916781416377459
10,12,10.50740267473718,1.4925973252628193
13,13,12.228885646622075,0.771114353377925
20,20,16.245679247686834,3.7543207523131663
1,2,5.342953759082494,-3.3429537590824943
12,10,11.655057989327112,-1.655057989327112
15,14,13.376540961212008,0.6234590387879919
16,19,13.950368618506971,5.049631381493029
5,9,7.638264388262355,1.361735611737645
18,18,15.0980239330969,2.9019760669030994
11,8,11.081230332032145,-3.0812303320321455
7,6,8.785919702852286,-2.7859197028522864
4,2,7.064436730967389,-5.064436730967389
4,5,7.064436730967389,-2.0644367309673894
8,17,9.35974736014725,7.640252639852751
17,9,14.524196275801938,-5.524196275801938
1,3,5.342953759082494,-2.3429537590824943
8,10,9.35974736014725,0.6402526398527506
7,5,8.785919702852286,-3.7859197028522864
1,2,5.342953759082494,-3.3429537590824943
1,6,5.342953759082494,0.6570462409175057
12,13,11.655057989327112,1.344942010672888
16,18,13.950368618506971,4.049631381493029
6,25,8.21209204555732,16.78790795444268
19,23,15.671851590391867,7.328148409608133
20,11,16.245679247686834,-5.245679247686834
11,24,11.081230332032145,12.918769667967855
1,2,5.342953759082494,-3.3429537590824943
4,2,7.064436730967389,-5.064436730967389
21,7,16.819506904981797,-9.819506904981797
8,7,9.35974736014725,-2.3597473601472494
14,10,12.802713303917042,-2.8027133039170415
17,14,14.524196275801938,-0.5241962758019376
2,1,5.916781416377459,-4.916781416377459
16,15,13.950368618506971,1.049631381493029
3,2,6.490609073672424,-4.490609073672424
20,9,16.245679247686834,-7.245679247686834
17,18,14.524196275801938,3.4758037241980624
2,9,5.916781416377459,3.083218583622541
12,10,11.655057989327112,-1.655057989327112
19,14,15.671851590391867,-1.6718515903918671
3,7,6.490609073672424,0.5093909263275762
2,4,5.916781416377459,-1.916781416377459
18,14,15.0980239330969,-1.0980239330969006
17,12,14.524196275801938,-2.5241962758019376
2,5,5.916781416377459,-0.916781416377459
20,16,16.245679247686834,-0.2456792476868337
17,12,14.524196275801938,-2.5241962758019376
19,19,15.671851590391867,3.328148409608133
24,23,18.540989876866693,4.459010123133307
10,20,10.50740267473718,9.49259732526282
20,17,16.245679247686834,0.7543207523131663
9,8,9.933575017442216,-1.933575017442216
17,20,14.524196275801938,5.475803724198062
11,7,11.081230332032145,-4.0812303320321455
5,5,7.638264388262355,-2.638264388262355
5,5,7.638264388262355,-2.638264388262355
24,16,18.540989876866693,-2.5409898768666928
20,11,16.245679247686834,-5.245679247686834
16,13,13.950368618506971,-0.9503686185069711
6,6,8.21209204555732,-2.21209204555732
11,9,11.081230332032145,-2.0812303320321455
14,9,12.802713303917042,-3.8027133039170415
10,11,10.50740267473718,0.4925973252628193
5,6,7.638264388262355,-1.638264388262355
15,22,13.376540961212008,8.623459038787992
3,4,6.490609073672424,-2.490609073672424
13,10,12.228885646622075,-2.228885646622075
11,14,11.081230332032145,2.9187696679678545
4,15,7.064436730967389,7.935563269032611
15,15,13.376540961212008,1.623459038787992
3,22,6.490609073672424,15.509390926327576
3,5,6.490609073672424,-1.4906090736724238
4,1,7.064436730967389,-6.064436730967389
18,15,15.0980239330969,-0.0980239330969006
2,7,5.916781416377459,1.083218583622541
14,10,12.802713303917042,-2.8027133039170415
4,4,7.064436730967389,-3.0644367309673894
22,21,17.393334562276763,3.6066654377232368
18,19,15.0980239330969,3.9019760669030994
22,23,17.393334562276763,5.606665437723237
17,21,14.524196275801938,6.475803724198062
18,14,15.0980239330969,-1.0980239330969006
19,15,15.671851590391867,-0.6718515903918671
22,15,17.393334562276763,-2.3933345622767632
5,7,7.638264388262355,-0.6382643882623551
8,7,9.35974736014725,-2.3597473601472494
4,3,7.064436730967389,-4.064436730967389
20,19,16.245679247686834,2.7543207523131663
15,10,13.376540961212008,-3.376540961212008
7,8,8.785919702852286,-0.7859197028522864
5,22,7.638264388262355,14.361735611737645
2,3,5.916781416377459,-2.916781416377459
19,16,15.671851590391867,0.32814840960813285
11,9,11.081230332032145,-2.0812303320321455
16,19,13.950368618506971,5.049631381493029
13,6,12.228885646622075,-6.228885646622075
25,9,19.11481753416166,-10.11481753416166
5,13,7.638264388262355,5.361735611737645
9,11,9.933575017442216,1.066424982557784
7,5,8.785919702852286,-3.7859197028522864
14,16,12.802713303917042,3.1972866960829585
8,13,9.35974736014725,3.6402526398527506
6,6,8.21209204555732,-2.21209204555732
19,20,15.671851590391867,4.328148409608133
11,18,11.081230332032145,6.9187696679678545
11,14,11.081230332032145,2.9187696679678545
14,10,12.802713303917042,-2.8027133039170415
12,17,11.655057989327112,5.344942010672888
3,3,6.490609073672424,-3.490609073672424
5,3,7.638264388262355,-4.638264388262355
11,2,11.081230332032145,-9.081230332032145
4,3,7.064436730967389,-4.064436730967389
16,9,13.950368618506971,-4.950368618506971
19,20,15.671851590391867,4.328148409608133
8,5,9.35974736014725,-4.359747360147249
2,1,5.916781416377459,-4.916781416377459
18,17,15.0980239330969,1.9019760669030994
7,17,8.785919702852286,8.214080297147714
8,11,9.35974736014725,1.6402526398527506
1,1,5.342953759082494,-4.342953759082494
7,6,8.785919702852286,-2.7859197028522864
2,9,5.916781416377459,3.083218583622541
15,14,13.376540961212008,0.6234590387879919
20,18,16.245679247686834,1.7543207523131663
20,10,16.245679247686834,-6.245679247686834
16,12,13.950368618506971,-1.950368618506971
23,22,17.96716221957173,4.03283778042827
18,11,15.0980239330969,-4.098023933096901
13,14,12.228885646622075,1.771114353377925
1,7,5.342953759082494,1.6570462409175057
13,12,12.228885646622075,-0.228885646622075
3,3,6.490609073672424,-3.490609073672424
18,17,15.0980239330969,1.9019760669030994
1,1,5.342953759082494,-4.342953759082494
18,18,15.0980239330969,2.9019760669030994
5,16,7.638264388262355,8.361735611737645
24,23,18.540989876866693,4.459010123133307
5,15,7.638264388262355,7.361735611737645
7,9,8.785919702852286,0.2140802971477136
6,2,8.21209204555732,-6.21209204555732
7,20,8.785919702852286,11.214080297147714
1,1,5.342953759082494,-4.342953759082494
10,21,10.50740267473718,10.49259732526282
11,15,11.081230332032145,3.9187696679678545
12,20,11.655057989327112,8.344942010672888
19,14,15.671851590391867,-1.6718515903918671
6,7,8.21209204555732,-1.2120920455573199
11,19,11.081230332032145,7.9187696679678545
7,8,8.785919702852286,-0.7859197028522864
11,16,11.081230332032145,4.9187696679678545
18,16,15.0980239330969,0.9019760669030994
3,1,6.490609073672424,-5.490609073672424
9,18,9.933575017442216,8.066424982557784
6,19,8.21209204555732,10.78790795444268
13,5,12.228885646622075,-7.228885646622075
21,22,16.819506904981797,5.180493095018203
6,5,8.21209204555732,-3.21209204555732
4,5,7.064436730967389,-2.0644367309673894
18,8,15.0980239330969,-7.098023933096901
24,23,18.540989876866693,4.459010123133307
10,3,10.50740267473718,-7.507402674737181
9,15,9.933575017442216,5.066424982557784
16,6,13.950368618506971,-7.950368618506971
16,14,13.950368618506971,0.049631381493028925
10,10,10.50740267473718,-0.5074026747371807
14,17,12.802713303917042,4.1972866960829585
11,8,11.081230332032145,-3.0812303320321455
13,10,12.228885646622075,-2.228885646622075
7,7,8.785919702852286,-1.7859197028522864
10,9,10.50740267473718,-1.5074026747371807
15,22,13.376540961212008,8.623459038787992
12,10,11.655057989327112,-1.655057989327112
16,10,13.950368618506971,-3.950368618506971
7,7,8.785919702852286,-1.7859197028522864
19,17,15.671851590391867,1.3281484096081329
6,12,8.21209204555732,3.78790795444268
6,6,8.21209204555732,-2.21209204555732
14,16,12.802713303917042,3.1972866960829585
10,7,10.50740267473718,-3.5074026747371807
1,1,5.342953759082494,-4.342953759082494
18,17,15.0980239330969,1.9019760669030994
6,20,8.21209204555732,11.78790795444268
13,16,12.228885646622075,3.771114353377925
8,14,9.35974736014725,4.640252639852751
2,1,5.916781416377459,-4.916781416377459
10,6,10.50740267473718,-4.507402674737181
17,19,14.524196275801938,4.475803724198062
12,17,11.655057989327112,5.344942010672888
12,12,11.655057989327112,0.344942010672888
2,3,5.916781416377459,-2.916781416377459
17,11,14.524196275801938,-3.5241962758019376
7,4,8.785919702852286,-4.785919702852286
9,7,9.933575017442216,-2.933575017442216
5,20,7.638264388262355,12.361735611737645
17,17,14.524196275801938,2.4758037241980624
11,13,11.081230332032145,1.9187696679678545
20,17,16.245679247686834,0.7543207523131663
11,12,11.081230332032145,0.9187696679678545
23,21,17.96716221957173,3.0328377804282702
14,12,12.802713303917042,-0.8027133039170415
19,17,15.671851590391867,1.3281484096081329
19,12,15.671851590391867,-3.671851590391867
5,18,7.638264388262355,10.361735611737645
19,14,15.671851590391867,-1.6718515903918671
8,8,9.35974736014725,-1.3597473601472494
16,8,13.950368618506971,-5.950368618506971
7,7,8.785919702852286,-1.7859197028522864
9,13,9.933575017442216,3.066424982557784
10,9,10.50740267473718,-1.5074026747371807
11,18,11.081230332032145,6.9187696679678545
14,16,12.802713303917042,3.1972866960829585
17,19,14.524196275801938,4.475803724198062
19,20,15.671851590391867,4.328148409608133
3,10,6.490609073672424,3.509390926327576
10,9,10.50740267473718,-1.5074026747371807
20,19,16.245679247686834,2.7543207523131663
1,1,5.342953759082494,-4.342953759082494
12,7,11.655057989327112,-4.655057989327112
17,13,14.524196275801938,-1.5241962758019376
9,18,9.933575017442216,8.066424982557784
8,20,9.35974736014725,10.64025263985275
14,12,12.802713303917042,-0.8027133039170415
20,15,16.245679247686834,-1.2456792476868337
18,15,15.0980239330969,-0.0980239330969006
3,6,6.490609073672424,-0.4906090736724238
5,2,7.638264388262355,-5.638264388262355
25,21,19.11481753416166,1.8851824658383407
7,5,8.785919702852286,-3.7859197028522864
6,16,8.21209204555732,7.78790795444268
12,18,11.655057989327112,6.344942010672888
14,9,12.802713303917042,-3.8027133039170415
16,17,13.950368618506971,3.049631381493029
13,6,12.228885646622075,-6.228885646622075
6,15,8.21209204555732,6.78790795444268
5,12,7.638264388262355,4.361735611737645
9,8,9.933575017442216,-1.933575017442216
2,2,5.916781416377459,-3.916781416377459
16,20,13.950368618506971,6.049631381493029
20,17,16.245679247686834,0.7543207523131663
16,14,13.950368618506971,0.049631381493028925
16,18,13.950368618506971,4.049631381493029
15,8,13.376540961212008,-5.376540961212008
3,3,6.490609073672424,-3.490609073672424
22,17,17.393334562276763,-0.3933345622767632
3,1,6.490609073672424,-5.490609073672424
10,3,10.50740267473718,-7.507402674737181
5,14,7.638264388262355,6.361735611737645
8,10,9.35974736014725,0.6402526398527506
17,17,14.524196275801938,2.4758037241980624
11,8,11.081230332032145,-3.0812303320321455
5,11,7.638264388262355,3.361735611737645
5,3,7.638264388262355,-4.638264388262355
21,21,16.819506904981797,4.180493095018203
8,17,9.35974736014725,7.640252639852751
9,6,9.933575017442216,-3.933575017442216
7,6,8.785919702852286,-2.7859197028522864
17,11,14.524196275801938,-3.5241962758019376
22,3,17.393334562276763,-14.393334562276763
1,5,5.342953759082494,-0.34295375908249426
15,20,13.376540961212008,6.623459038787992
18,10,15.0980239330969,-5.098023933096901
10,19,10.50740267473718,8.49259732526282
18,15,15.0980239330969,-0.0980239330969006
10,8,10.50740267473718,-2.5074026747371807
7,3,8.785919702852286,-5.785919702852286
5,9,7.638264388262355,1.361735611737645
8,1,9.35974736014725,-8.35974736014725
19,12,15.671851590391867,-3.671851590391867
14,13,12.802713303917042,0.19728669608295846
18,13,15.0980239330969,-2.0980239330969006
18,16,15.0980239330969,0.9019760669030994
9,11,9.933575017442216,1.066424982557784
1,1,5.342953759082494,-4.342953759082494
11,14,11.081230332032145,2.9187696679678545
14,21,12.802713303917042,8.197286696082958
9,8,9.933575017442216,-1.933575017442216
5,5,7.638264388262355,-2.638264388262355
11,6,11.081230332032145,-5.0812303320321455
7,19,8.785919702852286,10.214080297147714
8,20,9.35974736014725,10.64025263985275
10,9,10.50740267473718,-1.5074026747371807
1,1,5.342953759082494,-4.342953759082494
22,4,17.393334562276763,-13.393334562276763
21,21,16.819506904981797,4.180493095018203
8,4,9.35974736014725,-5.359747360147249
19,13,15.671851590391867,-2.671851590391867
19,12,15.671851590391867,-3.671851590391867
4,3,7.064436730967389,-4.064436730967389
7,17,8.785919702852286,8.214080297147714
2,23,5.916781416377459,17.08321858362254
19,14,15.671851590391867,-1.6718515903918671
2,17,5.916781416377459,11.083218583622541
5,4,7.638264388262355,-3.638264388262355
2,2,5.916781416377459,-3.916781416377459
11,20,11.081230332032145,8.918769667967855
2,5,5.916781416377459,-0.916781416377459
14,6,12.802713303917042,-6.8027133039170415
12,20,11.655057989327112,8.344942010672888
14,22,12.802713303917042,9.197286696082958
8,4,9.35974736014725,-5.359747360147249
20,17,16.245679247686834,0.7543207523131663
17,7,14.524196275801938,-7.524196275801938
4,4,7.064436730967389,-3.0644367309673894
1,21,5.342953759082494,15.657046240917506
15,14,13.376540961212008,0.6234590387879919
8,2,9.35974736014725,-7.359747360147249
4,2,7.064436730967389,-5.064436730967389
15,16,13.376540961212008,2.623459038787992
6,19,8.21209204555732,10.78790795444268
8,12,9.35974736014725,2.6402526398527506
13,16,12.228885646622075,3.771114353377925
7,23,8.785919702852286,14.214080297147714
18,13,15.0980239330969,-2.0980239330969006
18,9,15.0980239330969,-6.098023933096901
3,3,6.490609073672424,-3.490609073672424
10,13,10.50740267473718,2.4925973252628193
15,14,13.376540961212008,0.6234590387879919
18,11,15.0980239330969,-4.098023933096901
8,21,9.35974736014725,11.64025263985275
15,18,13.376540961212008,4.623459038787992
3,18,6.490609073672424,11.509390926327576
11,11,11.081230332032145,-0.08123033203214547
2,8,5.916781416377459,2.083218583622541
9,9,9.933575017442216,-0.9335750174422159
9,4,9.933575017442216,-5.933575017442216
19,17,15.671851590391867,1.3281484096081329
10,14,10.50740267473718,3.4925973252628193
12,7,11.655057989327112,-4.655057989327112
24,25,18.540989876866693,6.459010123133307
6,4,8.21209204555732,-4.21209204555732
20,14,16.245679247686834,-2.2456792476868337
21,6,16.819506904981797,-10.819506904981797
4,5,7.064436730967389,-2.0644367309673894
5,2,7.638264388262355,-5.638264388262355
5,9,7.638264388262355,1.361735611737645
8,11,9.35974736014725,1.6402526398527506
1,19,5.342953759082494,13.657046240917506
5,2,7.638264388262355,-5.638264388262355
16,9,13.950368618506971,-4.950368618506971
5,5,7.638264388262355,-2.638264388262355
4,6,7.064436730967389,-1.0644367309673894
13,20,12.228885646622075,7.771114353377925
17,18,14.524196275801938,3.4758037241980624
13,16,12.228885646622075,3.771114353377925
7,5,8.785919702852286,-3.7859197028522864
20,13,16.245679247686834,-3.2456792476868337
21,16,16.819506904981797,-0.8195069049817967
6,19,8.21209204555732,10.78790795444268
12,6,11.655057989327112,-5.655057989327112
6,4,8.21209204555732,-4.21209204555732
2,18,5.916781416377459,12.083218583622541
21,16,16.819506904981797,-0.8195069049817967
7,18,8.785919702852286,9.214080297147714
6,6,8.21209204555732,-2.21209204555732
19,16,15.671851590391867,0.32814840960813285
17,11,14.524196275801938,-3.5241962758019376
10,13,10.50740267473718,2.4925973252628193
18,18,15.0980239330969,2.9019760669030994
5,2,7.638264388262355,-5.638264388262355
12,10,11.655057989327112,-1.655057989327112
11,15,11.081230332032145,3.9187696679678545
7,7,8.785919702852286,-1.7859197028522864
5,9,7.638264388262355,1.361735611737645
7,2,8.785919702852286,-6.785919702852286
9,8,9.933575017442216,-1.933575017442216
9,7,9.933575017442216,-2.933575017442216
20,17,16.245679247686834,0.7543207523131663
6,11,8.21209204555732,2.78790795444268
7,21,8.785919702852286,12.214080297147714
3,20,6.490609073672424,13.509390926327576
9,16,9.933575017442216,6.066424982557784
16,14,13.950368618506971,0.049631381493028925
14,12,12.802713303917042,-0.8027133039170415
13,6,12.228885646622075,-6.228885646622075
3,5,6.490609073672424,-1.4906090736724238
4,6,7.064436730967389,-1.0644367309673894
1,1,5.342953759082494,-4.342953759082494
2,20,5.916781416377459,14.083218583622541
7,6,8.785919702852286,-2.7859197028522864
9,11,9.933575017442216,1.066424982557784
12,20,11.655057989327112,8.344942010672888
8,13,9.35974736014725,3.6402526398527506
5,5,7.638264388262355,-2.638264388262355
2,2,5.916781416377459,-3.916781416377459
1,2,5.342953759082494,-3.3429537590824943
13,12,12.228885646622075,-0.228885646622075
19,20,15.671851590391867,4.328148409608133
3,10,6.490609073672424,3.509390926327576
3,1,6.490609073672424,-5.490609073672424
1,1,5.342953759082494,-4.342953759082494
20,14,16.245679247686834,-2.2456792476868337
22,9,17.393334562276763,-8.393334562276763
20,16,16.245679247686834,-0.2456792476868337
8,7,9.35974736014725,-2.3597473601472494
12,7,11.655057989327112,-4.655057989327112
15,12,13.376540961212008,-1.376540961212008
4,1,7.064436730967389,-6.064436730967389
13,8,12.228885646622075,-4.228885646622075
1,2,5.342953759082494,-3.3429537590824943
11,6,11.081230332032145,-5.0812303320321455
4,2,7.064436730967389,-5.064436730967389
9,11,9.933575017442216,1.066424982557784
20,14,16.245679247686834,-2.2456792476868337
15,20,13.376540961212008,6.623459038787992
23,20,17.96716221957173,2.0328377804282702
17,9,14.524196275801938,-5.524196275801938
